GSE,SRR,URL_R1,URL_R2,Species,Tissue,Chromium_version,Compressed,Read_length
GSE144136,SRR12391910,ftp://ftp.sra.ebi.ac.uk/vol1/fastq/SRR123/010/SRR12391910/SRR12391910_1.fastq.gz,ftp://ftp.sra.ebi.ac.uk/vol1/fastq/SRR123/010/SRR12391910/SRR12391910_2.fastq.gz,Human,Post-mortem_dosolateral_prefrontal_cortex,v2,0,100
GSE144136,SRR12391923,ftp://ftp.sra.ebi.ac.uk/vol1/fastq/SRR123/023/SRR12391923/SRR12391923_1.fastq.gz,ftp://ftp.sra.ebi.ac.uk/vol1/fastq/SRR123/023/SRR12391923/SRR12391923_2.fastq.gz,Human,Post-mortem_dosolateral_prefrontal_cortex,v2,0,100
GSE144136,SRR12391927,ftp://ftp.sra.ebi.ac.uk/vol1/fastq/SRR123/027/SRR12391927/SRR12391927_1.fastq.gz,ftp://ftp.sra.ebi.ac.uk/vol1/fastq/SRR123/027/SRR12391927/SRR12391927_2.fastq.gz,Human,Post-mortem_dosolateral_prefrontal_cortex,v2,0,100
GSE144136,SRR12391928,ftp://ftp.sra.ebi.ac.uk/vol1/fastq/SRR123/028/SRR12391928/SRR12391928_1.fastq.gz,ftp://ftp.sra.ebi.ac.uk/vol1/fastq/SRR123/028/SRR12391928/SRR12391928_2.fastq.gz,Human,Post-mortem_dosolateral_prefrontal_cortex,v2,0,100
GSE148504,SRR11538627,ftp://ftp.sra.ebi.ac.uk/vol1/fastq/SRR115/027/SRR11538627/SRR11538627_1.fastq.gz,ftp://ftp.sra.ebi.ac.uk/vol1/fastq/SRR115/027/SRR11538627/SRR11538627_2.fastq.gz,Human,Gene_Expression_Library_of_6_Calcitonin-Treated_and_Control_ACFs,v3,0,150
GSE148504,SRR11538628,ftp://ftp.sra.ebi.ac.uk/vol1/fastq/SRR115/028/SRR11538628/SRR11538628_1.fastq.gz,ftp://ftp.sra.ebi.ac.uk/vol1/fastq/SRR115/028/SRR11538628/SRR11538628_2.fastq.gz,Human,Gene_Expression_Library_of_6_Calcitonin-Treated_and_Control_ACFs,v3,0,150
GSE148504,SRR11538629,ftp://ftp.sra.ebi.ac.uk/vol1/fastq/SRR115/029/SRR11538629/SRR11538629_1.fastq.gz,ftp://ftp.sra.ebi.ac.uk/vol1/fastq/SRR115/029/SRR11538629/SRR11538629_2.fastq.gz,Human,Gene_Expression_Library_of_6_Calcitonin-Treated_and_Control_ACFs,v3,0,150
GSE148504,SRR11538630,ftp://ftp.sra.ebi.ac.uk/vol1/fastq/SRR115/030/SRR11538630/SRR11538630_1.fastq.gz,ftp://ftp.sra.ebi.ac.uk/vol1/fastq/SRR115/030/SRR11538630/SRR11538630_2.fastq.gz,Human,Gene_Expression_Library_of_6_Calcitonin-Treated_and_Control_ACFs,v3,0,150
GSE148504,SRR11538631,ftp://ftp.sra.ebi.ac.uk/vol1/fastq/SRR115/031/SRR11538631/SRR11538631_1.fastq.gz,ftp://ftp.sra.ebi.ac.uk/vol1/fastq/SRR115/031/SRR11538631/SRR11538631_2.fastq.gz,Human,Antibody_Oligo_Capture_Library_of_6_Calcitonin-Treated_and_Control_ACFs,v3,0,150
GSE122357,SRR8039659,ftp://ftp.sra.ebi.ac.uk/vol1/fastq/SRR803/009/SRR8039659/SRR8039659_1.fastq.gz,ftp://ftp.sra.ebi.ac.uk/vol1/fastq/SRR803/009/SRR8039659/SRR8039659_2.fastq.gz,Mouse,Brain,v2,0,151
GSE122743,SRR8210368,ftp://ftp.sra.ebi.ac.uk/vol1/fastq/SRR821/008/SRR8210368/SRR8210368_1.fastq.gz,ftp://ftp.sra.ebi.ac.uk/vol1/fastq/SRR821/008/SRR8210368/SRR8210368_2.fastq.gz,Human,MCF7_RM,v2,0,75
GSE122743,SRR8210369,ftp://ftp.sra.ebi.ac.uk/vol1/fastq/SRR821/009/SRR8210369/SRR8210369_1.fastq.gz,ftp://ftp.sra.ebi.ac.uk/vol1/fastq/SRR821/009/SRR8210369/SRR8210369_2.fastq.gz,Human,MCF7_RM_CD44L,v2,0,75
GSE122743,SRR8210370,ftp://ftp.sra.ebi.ac.uk/vol1/fastq/SRR821/000/SRR8210370/SRR8210370_1.fastq.gz,ftp://ftp.sra.ebi.ac.uk/vol1/fastq/SRR821/000/SRR8210370/SRR8210370_2.fastq.gz,Human,MCF7_RM_CD44L,v2,0,75
GSE122743,SRR8210371,ftp://ftp.sra.ebi.ac.uk/vol1/fastq/SRR821/001/SRR8210371/SRR8210371_1.fastq.gz,ftp://ftp.sra.ebi.ac.uk/vol1/fastq/SRR821/001/SRR8210371/SRR8210371_2.fastq.gz,Human,MCF7_RM_CD44L,v2,0,75
GSE122743,SRR8210372,ftp://ftp.sra.ebi.ac.uk/vol1/fastq/SRR821/002/SRR8210372/SRR8210372_1.fastq.gz,ftp://ftp.sra.ebi.ac.uk/vol1/fastq/SRR821/002/SRR8210372/SRR8210372_2.fastq.gz,Human,MCF7_RM_CD44H,v2,0,75
GSE122743,SRR8210373,ftp://ftp.sra.ebi.ac.uk/vol1/fastq/SRR821/003/SRR8210373/SRR8210373_1.fastq.gz,ftp://ftp.sra.ebi.ac.uk/vol1/fastq/SRR821/003/SRR8210373/SRR8210373_2.fastq.gz,Human,MCF7_WM2d_CD44L,v2,0,75
GSE122743,SRR8210374,ftp://ftp.sra.ebi.ac.uk/vol1/fastq/SRR821/004/SRR8210374/SRR8210374_1.fastq.gz,ftp://ftp.sra.ebi.ac.uk/vol1/fastq/SRR821/004/SRR8210374/SRR8210374_2.fastq.gz,Human,MCF7_WM2d_CD44H,v2,0,75
GSE122743,SRR8210375,ftp://ftp.sra.ebi.ac.uk/vol1/fastq/SRR821/005/SRR8210375/SRR8210375_1.fastq.gz,ftp://ftp.sra.ebi.ac.uk/vol1/fastq/SRR821/005/SRR8210375/SRR8210375_2.fastq.gz,Human,MCF7_WM2d_CD44H,v2,0,75
GSE122743,SRR8210376,ftp://ftp.sra.ebi.ac.uk/vol1/fastq/SRR821/006/SRR8210376/SRR8210376_1.fastq.gz,ftp://ftp.sra.ebi.ac.uk/vol1/fastq/SRR821/006/SRR8210376/SRR8210376_2.fastq.gz,Human,MCF7_WM2d_CD44H,v2,0,75
GSE122743,SRR8210377,ftp://ftp.sra.ebi.ac.uk/vol1/fastq/SRR821/007/SRR8210377/SRR8210377_1.fastq.gz,ftp://ftp.sra.ebi.ac.uk/vol1/fastq/SRR821/007/SRR8210377/SRR8210377_2.fastq.gz,Human,MCF7_WM4d_CD44L,v2,0,75
GSE122743,SRR8210378,ftp://ftp.sra.ebi.ac.uk/vol1/fastq/SRR821/008/SRR8210378/SRR8210378_1.fastq.gz,ftp://ftp.sra.ebi.ac.uk/vol1/fastq/SRR821/008/SRR8210378/SRR8210378_2.fastq.gz,Human,MCF7_WM4d_CD44H,v2,0,75
GSE122743,SRR8210379,ftp://ftp.sra.ebi.ac.uk/vol1/fastq/SRR821/009/SRR8210379/SRR8210379_1.fastq.gz,ftp://ftp.sra.ebi.ac.uk/vol1/fastq/SRR821/009/SRR8210379/SRR8210379_2.fastq.gz,Human,MCF7_WM7d_CD44L,v2,0,75
GSE122743,SRR8210380,ftp://ftp.sra.ebi.ac.uk/vol1/fastq/SRR821/000/SRR8210380/SRR8210380_1.fastq.gz,ftp://ftp.sra.ebi.ac.uk/vol1/fastq/SRR821/000/SRR8210380/SRR8210380_2.fastq.gz,Human,MCF7_WM7d_CD44H,v2,0,75
GSE122743,SRR8210381,ftp://ftp.sra.ebi.ac.uk/vol1/fastq/SRR821/001/SRR8210381/SRR8210381_1.fastq.gz,ftp://ftp.sra.ebi.ac.uk/vol1/fastq/SRR821/001/SRR8210381/SRR8210381_2.fastq.gz,Human,MCF7_LTED,v2,0,75
GSE125970,SRR8513794,ftp://ftp.sra.ebi.ac.uk/vol1/fastq/SRR851/004/SRR8513794/SRR8513794_1.fastq.gz,ftp://ftp.sra.ebi.ac.uk/vol1/fastq/SRR851/004/SRR8513794/SRR8513794_2.fastq.gz,Human,Ileum-1,v2,0,150
GSE125970,SRR8513795,ftp://ftp.sra.ebi.ac.uk/vol1/fastq/SRR851/005/SRR8513795/SRR8513795_1.fastq.gz,ftp://ftp.sra.ebi.ac.uk/vol1/fastq/SRR851/005/SRR8513795/SRR8513795_2.fastq.gz,Human,Ileum-2,v2,0,150
GSE125970,SRR8513796,ftp://ftp.sra.ebi.ac.uk/vol1/fastq/SRR851/006/SRR8513796/SRR8513796_1.fastq.gz,ftp://ftp.sra.ebi.ac.uk/vol1/fastq/SRR851/006/SRR8513796/SRR8513796_2.fastq.gz,Human,Colon-1,v2,0,150
GSE125970,SRR8513797,ftp://ftp.sra.ebi.ac.uk/vol1/fastq/SRR851/007/SRR8513797/SRR8513797_1.fastq.gz,ftp://ftp.sra.ebi.ac.uk/vol1/fastq/SRR851/007/SRR8513797/SRR8513797_2.fastq.gz,Human,Colon-2,v2,0,150
GSE125970,SRR8513798,ftp://ftp.sra.ebi.ac.uk/vol1/fastq/SRR851/008/SRR8513798/SRR8513798_1.fastq.gz,ftp://ftp.sra.ebi.ac.uk/vol1/fastq/SRR851/008/SRR8513798/SRR8513798_2.fastq.gz,Human,Rectum-1,v2,0,150
GSE125970,SRR8513799,ftp://ftp.sra.ebi.ac.uk/vol1/fastq/SRR851/009/SRR8513799/SRR8513799_1.fastq.gz,ftp://ftp.sra.ebi.ac.uk/vol1/fastq/SRR851/009/SRR8513799/SRR8513799_2.fastq.gz,Human,Rectum-2,v2,0,150
GSE125188,SRR8448139,ftp://ftp.sra.ebi.ac.uk/vol1/fastq/SRR844/009/SRR8448139/SRR8448139_1.fastq.gz,ftp://ftp.sra.ebi.ac.uk/vol1/fastq/SRR844/009/SRR8448139/SRR8448139_2.fastq.gz,Human,donor_1_blood,v2,0,150
GSE125188,SRR8448140,ftp://ftp.sra.ebi.ac.uk/vol1/fastq/SRR844/000/SRR8448140/SRR8448140_1.fastq.gz,ftp://ftp.sra.ebi.ac.uk/vol1/fastq/SRR844/000/SRR8448140/SRR8448140_2.fastq.gz,Human,donor_1_spleen,v2,0,150
GSE125188,SRR8448141,ftp://ftp.sra.ebi.ac.uk/vol1/fastq/SRR844/001/SRR8448141/SRR8448141_1.fastq.gz,ftp://ftp.sra.ebi.ac.uk/vol1/fastq/SRR844/001/SRR8448141/SRR8448141_2.fastq.gz,Human,donor_1_liver,v2,0,150
GSE125188,SRR8448142,ftp://ftp.sra.ebi.ac.uk/vol1/fastq/SRR844/002/SRR8448142/SRR8448142_1.fastq.gz,ftp://ftp.sra.ebi.ac.uk/vol1/fastq/SRR844/002/SRR8448142/SRR8448142_2.fastq.gz,Human,donor_2_blood,v2,0,150
GSE125188,SRR8448143,ftp://ftp.sra.ebi.ac.uk/vol1/fastq/SRR844/003/SRR8448143/SRR8448143_1.fastq.gz,ftp://ftp.sra.ebi.ac.uk/vol1/fastq/SRR844/003/SRR8448143/SRR8448143_2.fastq.gz,Human,donor_2_spleen,v2,0,150
GSE125188,SRR8448144,ftp://ftp.sra.ebi.ac.uk/vol1/fastq/SRR844/004/SRR8448144/SRR8448144_1.fastq.gz,ftp://ftp.sra.ebi.ac.uk/vol1/fastq/SRR844/004/SRR8448144/SRR8448144_2.fastq.gz,Human,donor_2_liver,v2,0,150
GSE125188,SRR8448145,ftp://ftp.sra.ebi.ac.uk/vol1/fastq/SRR844/005/SRR8448145/SRR8448145_1.fastq.gz,ftp://ftp.sra.ebi.ac.uk/vol1/fastq/SRR844/005/SRR8448145/SRR8448145_2.fastq.gz,Human,donor_3_blood,v2,0,150
GSE125188,SRR8448146,ftp://ftp.sra.ebi.ac.uk/vol1/fastq/SRR844/006/SRR8448146/SRR8448146_1.fastq.gz,ftp://ftp.sra.ebi.ac.uk/vol1/fastq/SRR844/006/SRR8448146/SRR8448146_2.fastq.gz,Human,donor_3_spleen,v2,0,150
GSE125188,SRR8448147,ftp://ftp.sra.ebi.ac.uk/vol1/fastq/SRR844/007/SRR8448147/SRR8448147_1.fastq.gz,ftp://ftp.sra.ebi.ac.uk/vol1/fastq/SRR844/007/SRR8448147/SRR8448147_2.fastq.gz,Human,donor_4_liver,v2,0,150
GSE130636,SRR9004325,ftp://ftp.sra.ebi.ac.uk/vol1/fastq/SRR900/005/SRR9004325/SRR9004325_1.fastq.gz,ftp://ftp.sra.ebi.ac.uk/vol1/fastq/SRR900/005/SRR9004325/SRR9004325_2.fastq.gz,Human,Retina,v3,0,150
GSE130636,SRR9004326,ftp://ftp.sra.ebi.ac.uk/vol1/fastq/SRR900/006/SRR9004326/SRR9004326_1.fastq.gz,ftp://ftp.sra.ebi.ac.uk/vol1/fastq/SRR900/006/SRR9004326/SRR9004326_2.fastq.gz,Human,Retina,v3,0,150
GSE130636,SRR9004327,ftp://ftp.sra.ebi.ac.uk/vol1/fastq/SRR900/007/SRR9004327/SRR9004327_1.fastq.gz,ftp://ftp.sra.ebi.ac.uk/vol1/fastq/SRR900/007/SRR9004327/SRR9004327_2.fastq.gz,Human,Retina,v3,0,150
GSE130636,SRR9004328,ftp://ftp.sra.ebi.ac.uk/vol1/fastq/SRR900/008/SRR9004328/SRR9004328_1.fastq.gz,ftp://ftp.sra.ebi.ac.uk/vol1/fastq/SRR900/008/SRR9004328/SRR9004328_2.fastq.gz,Human,Retina,v3,0,150
GSE130636,SRR9004329,ftp://ftp.sra.ebi.ac.uk/vol1/fastq/SRR900/009/SRR9004329/SRR9004329_1.fastq.gz,ftp://ftp.sra.ebi.ac.uk/vol1/fastq/SRR900/009/SRR9004329/SRR9004329_2.fastq.gz,Human,Retina,v3,0,150
GSE130636,SRR9004330,ftp://ftp.sra.ebi.ac.uk/vol1/fastq/SRR900/000/SRR9004330/SRR9004330_1.fastq.gz,ftp://ftp.sra.ebi.ac.uk/vol1/fastq/SRR900/000/SRR9004330/SRR9004330_2.fastq.gz,Human,Retina,v3,0,150
GSE130636,SRR9004331,ftp://ftp.sra.ebi.ac.uk/vol1/fastq/SRR900/001/SRR9004331/SRR9004331_1.fastq.gz,ftp://ftp.sra.ebi.ac.uk/vol1/fastq/SRR900/001/SRR9004331/SRR9004331_2.fastq.gz,Human,Retina,v3,0,150
GSE130636,SRR9004332,ftp://ftp.sra.ebi.ac.uk/vol1/fastq/SRR900/002/SRR9004332/SRR9004332_1.fastq.gz,ftp://ftp.sra.ebi.ac.uk/vol1/fastq/SRR900/002/SRR9004332/SRR9004332_2.fastq.gz,Human,Retina,v3,0,150
GSE130636,SRR9004333,ftp://ftp.sra.ebi.ac.uk/vol1/fastq/SRR900/003/SRR9004333/SRR9004333_1.fastq.gz,ftp://ftp.sra.ebi.ac.uk/vol1/fastq/SRR900/003/SRR9004333/SRR9004333_2.fastq.gz,Human,Retina,v3,0,150
GSE130636,SRR9004334,ftp://ftp.sra.ebi.ac.uk/vol1/fastq/SRR900/004/SRR9004334/SRR9004334_1.fastq.gz,ftp://ftp.sra.ebi.ac.uk/vol1/fastq/SRR900/004/SRR9004334/SRR9004334_2.fastq.gz,Human,Retina,v3,0,150
GSE130636,SRR9004335,ftp://ftp.sra.ebi.ac.uk/vol1/fastq/SRR900/005/SRR9004335/SRR9004335_1.fastq.gz,ftp://ftp.sra.ebi.ac.uk/vol1/fastq/SRR900/005/SRR9004335/SRR9004335_2.fastq.gz,Human,Retina,v3,0,150
GSE130636,SRR9004336,ftp://ftp.sra.ebi.ac.uk/vol1/fastq/SRR900/006/SRR9004336/SRR9004336_1.fastq.gz,ftp://ftp.sra.ebi.ac.uk/vol1/fastq/SRR900/006/SRR9004336/SRR9004336_2.fastq.gz,Human,Retina,v3,0,150
GSE130636,SRR9004337,ftp://ftp.sra.ebi.ac.uk/vol1/fastq/SRR900/007/SRR9004337/SRR9004337_1.fastq.gz,ftp://ftp.sra.ebi.ac.uk/vol1/fastq/SRR900/007/SRR9004337/SRR9004337_2.fastq.gz,Human,Retina,v3,0,150
GSE130636,SRR9004338,ftp://ftp.sra.ebi.ac.uk/vol1/fastq/SRR900/008/SRR9004338/SRR9004338_1.fastq.gz,ftp://ftp.sra.ebi.ac.uk/vol1/fastq/SRR900/008/SRR9004338/SRR9004338_2.fastq.gz,Human,Retina,v3,0,150
GSE130636,SRR9004339,ftp://ftp.sra.ebi.ac.uk/vol1/fastq/SRR900/009/SRR9004339/SRR9004339_1.fastq.gz,ftp://ftp.sra.ebi.ac.uk/vol1/fastq/SRR900/009/SRR9004339/SRR9004339_2.fastq.gz,Human,Retina,v3,0,150
GSE130636,SRR9004340,ftp://ftp.sra.ebi.ac.uk/vol1/fastq/SRR900/000/SRR9004340/SRR9004340_1.fastq.gz,ftp://ftp.sra.ebi.ac.uk/vol1/fastq/SRR900/000/SRR9004340/SRR9004340_2.fastq.gz,Human,Retina,v3,0,150
GSE130636,SRR9004341,ftp://ftp.sra.ebi.ac.uk/vol1/fastq/SRR900/001/SRR9004341/SRR9004341_1.fastq.gz,ftp://ftp.sra.ebi.ac.uk/vol1/fastq/SRR900/001/SRR9004341/SRR9004341_2.fastq.gz,Human,Retina,v3,0,150
GSE130636,SRR9004342,ftp://ftp.sra.ebi.ac.uk/vol1/fastq/SRR900/002/SRR9004342/SRR9004342_1.fastq.gz,ftp://ftp.sra.ebi.ac.uk/vol1/fastq/SRR900/002/SRR9004342/SRR9004342_2.fastq.gz,Human,Retina,v3,0,150
GSE130636,SRR9004343,ftp://ftp.sra.ebi.ac.uk/vol1/fastq/SRR900/003/SRR9004343/SRR9004343_1.fastq.gz,ftp://ftp.sra.ebi.ac.uk/vol1/fastq/SRR900/003/SRR9004343/SRR9004343_2.fastq.gz,Human,Retina,v3,0,150
GSE130636,SRR9004344,ftp://ftp.sra.ebi.ac.uk/vol1/fastq/SRR900/004/SRR9004344/SRR9004344_1.fastq.gz,ftp://ftp.sra.ebi.ac.uk/vol1/fastq/SRR900/004/SRR9004344/SRR9004344_2.fastq.gz,Human,Retina,v3,0,150
GSE130636,SRR9004345,ftp://ftp.sra.ebi.ac.uk/vol1/fastq/SRR900/005/SRR9004345/SRR9004345_1.fastq.gz,ftp://ftp.sra.ebi.ac.uk/vol1/fastq/SRR900/005/SRR9004345/SRR9004345_2.fastq.gz,Human,Retina,v3,0,150
GSE130636,SRR9004346,ftp://ftp.sra.ebi.ac.uk/vol1/fastq/SRR900/006/SRR9004346/SRR9004346_1.fastq.gz,ftp://ftp.sra.ebi.ac.uk/vol1/fastq/SRR900/006/SRR9004346/SRR9004346_2.fastq.gz,Human,Retina,v3,0,150
GSE130636,SRR9004347,ftp://ftp.sra.ebi.ac.uk/vol1/fastq/SRR900/007/SRR9004347/SRR9004347_1.fastq.gz,ftp://ftp.sra.ebi.ac.uk/vol1/fastq/SRR900/007/SRR9004347/SRR9004347_2.fastq.gz,Human,Retina,v3,0,150
GSE130636,SRR9004348,ftp://ftp.sra.ebi.ac.uk/vol1/fastq/SRR900/008/SRR9004348/SRR9004348_1.fastq.gz,ftp://ftp.sra.ebi.ac.uk/vol1/fastq/SRR900/008/SRR9004348/SRR9004348_2.fastq.gz,Human,Retina,v3,0,150
GSE130636,SRR9004349,ftp://ftp.sra.ebi.ac.uk/vol1/fastq/SRR900/009/SRR9004349/SRR9004349_1.fastq.gz,ftp://ftp.sra.ebi.ac.uk/vol1/fastq/SRR900/009/SRR9004349/SRR9004349_2.fastq.gz,Human,Retina,v3,0,150
GSE130636,SRR9004350,ftp://ftp.sra.ebi.ac.uk/vol1/fastq/SRR900/000/SRR9004350/SRR9004350_1.fastq.gz,ftp://ftp.sra.ebi.ac.uk/vol1/fastq/SRR900/000/SRR9004350/SRR9004350_2.fastq.gz,Human,Retina,v3,0,150
GSE130636,SRR9004351,ftp://ftp.sra.ebi.ac.uk/vol1/fastq/SRR900/001/SRR9004351/SRR9004351_1.fastq.gz,ftp://ftp.sra.ebi.ac.uk/vol1/fastq/SRR900/001/SRR9004351/SRR9004351_2.fastq.gz,Human,Retina,v3,0,150
GSE130636,SRR9004352,ftp://ftp.sra.ebi.ac.uk/vol1/fastq/SRR900/002/SRR9004352/SRR9004352_1.fastq.gz,ftp://ftp.sra.ebi.ac.uk/vol1/fastq/SRR900/002/SRR9004352/SRR9004352_2.fastq.gz,Human,Retina,v3,0,150
GSE130636,SRR9004353,ftp://ftp.sra.ebi.ac.uk/vol1/fastq/SRR900/003/SRR9004353/SRR9004353_1.fastq.gz,ftp://ftp.sra.ebi.ac.uk/vol1/fastq/SRR900/003/SRR9004353/SRR9004353_2.fastq.gz,Human,Retina,v3,0,150
GSE130636,SRR9004354,ftp://ftp.sra.ebi.ac.uk/vol1/fastq/SRR900/004/SRR9004354/SRR9004354_1.fastq.gz,ftp://ftp.sra.ebi.ac.uk/vol1/fastq/SRR900/004/SRR9004354/SRR9004354_2.fastq.gz,Human,Retina,v3,0,150
GSE130636,SRR9004355,ftp://ftp.sra.ebi.ac.uk/vol1/fastq/SRR900/005/SRR9004355/SRR9004355_1.fastq.gz,ftp://ftp.sra.ebi.ac.uk/vol1/fastq/SRR900/005/SRR9004355/SRR9004355_2.fastq.gz,Human,Retina,v3,0,150
GSE130636,SRR9004356,ftp://ftp.sra.ebi.ac.uk/vol1/fastq/SRR900/006/SRR9004356/SRR9004356_1.fastq.gz,ftp://ftp.sra.ebi.ac.uk/vol1/fastq/SRR900/006/SRR9004356/SRR9004356_2.fastq.gz,Human,Retina,v3,0,150
GSE130636,SRR9004357,ftp://ftp.sra.ebi.ac.uk/vol1/fastq/SRR900/007/SRR9004357/SRR9004357_1.fastq.gz,ftp://ftp.sra.ebi.ac.uk/vol1/fastq/SRR900/007/SRR9004357/SRR9004357_2.fastq.gz,Human,Retina,v3,0,150
GSE130636,SRR9004358,ftp://ftp.sra.ebi.ac.uk/vol1/fastq/SRR900/008/SRR9004358/SRR9004358_1.fastq.gz,ftp://ftp.sra.ebi.ac.uk/vol1/fastq/SRR900/008/SRR9004358/SRR9004358_2.fastq.gz,Human,Retina,v3,0,150
GSE130636,SRR9004359,ftp://ftp.sra.ebi.ac.uk/vol1/fastq/SRR900/009/SRR9004359/SRR9004359_1.fastq.gz,ftp://ftp.sra.ebi.ac.uk/vol1/fastq/SRR900/009/SRR9004359/SRR9004359_2.fastq.gz,Human,Retina,v3,0,150
GSE130636,SRR9004360,ftp://ftp.sra.ebi.ac.uk/vol1/fastq/SRR900/000/SRR9004360/SRR9004360_1.fastq.gz,ftp://ftp.sra.ebi.ac.uk/vol1/fastq/SRR900/000/SRR9004360/SRR9004360_2.fastq.gz,Human,Retina,v3,0,150
GSE130636,SRR9004361,ftp://ftp.sra.ebi.ac.uk/vol1/fastq/SRR900/001/SRR9004361/SRR9004361_1.fastq.gz,ftp://ftp.sra.ebi.ac.uk/vol1/fastq/SRR900/001/SRR9004361/SRR9004361_2.fastq.gz,Human,Retina,v3,0,150
GSE130636,SRR9004362,ftp://ftp.sra.ebi.ac.uk/vol1/fastq/SRR900/002/SRR9004362/SRR9004362_1.fastq.gz,ftp://ftp.sra.ebi.ac.uk/vol1/fastq/SRR900/002/SRR9004362/SRR9004362_2.fastq.gz,Human,Retina,v3,0,150
GSE130636,SRR9004363,ftp://ftp.sra.ebi.ac.uk/vol1/fastq/SRR900/003/SRR9004363/SRR9004363_1.fastq.gz,ftp://ftp.sra.ebi.ac.uk/vol1/fastq/SRR900/003/SRR9004363/SRR9004363_2.fastq.gz,Human,Retina,v3,0,150
GSE130636,SRR9004364,ftp://ftp.sra.ebi.ac.uk/vol1/fastq/SRR900/004/SRR9004364/SRR9004364_1.fastq.gz,ftp://ftp.sra.ebi.ac.uk/vol1/fastq/SRR900/004/SRR9004364/SRR9004364_2.fastq.gz,Human,Retina,v3,0,150
GSE130636,SRR9004365,ftp://ftp.sra.ebi.ac.uk/vol1/fastq/SRR900/005/SRR9004365/SRR9004365_1.fastq.gz,ftp://ftp.sra.ebi.ac.uk/vol1/fastq/SRR900/005/SRR9004365/SRR9004365_2.fastq.gz,Human,Retina,v3,0,150
GSE130636,SRR9004366,ftp://ftp.sra.ebi.ac.uk/vol1/fastq/SRR900/006/SRR9004366/SRR9004366_1.fastq.gz,ftp://ftp.sra.ebi.ac.uk/vol1/fastq/SRR900/006/SRR9004366/SRR9004366_2.fastq.gz,Human,Retina,v3,0,150
GSE130636,SRR9004367,ftp://ftp.sra.ebi.ac.uk/vol1/fastq/SRR900/007/SRR9004367/SRR9004367_1.fastq.gz,ftp://ftp.sra.ebi.ac.uk/vol1/fastq/SRR900/007/SRR9004367/SRR9004367_2.fastq.gz,Human,Retina,v3,0,150
GSE130636,SRR9004368,ftp://ftp.sra.ebi.ac.uk/vol1/fastq/SRR900/008/SRR9004368/SRR9004368_1.fastq.gz,ftp://ftp.sra.ebi.ac.uk/vol1/fastq/SRR900/008/SRR9004368/SRR9004368_2.fastq.gz,Human,Retina,v3,0,150
GSE130636,SRR9004369,ftp://ftp.sra.ebi.ac.uk/vol1/fastq/SRR900/009/SRR9004369/SRR9004369_1.fastq.gz,ftp://ftp.sra.ebi.ac.uk/vol1/fastq/SRR900/009/SRR9004369/SRR9004369_2.fastq.gz,Human,Retina,v3,0,150
GSE130636,SRR9004370,ftp://ftp.sra.ebi.ac.uk/vol1/fastq/SRR900/000/SRR9004370/SRR9004370_1.fastq.gz,ftp://ftp.sra.ebi.ac.uk/vol1/fastq/SRR900/000/SRR9004370/SRR9004370_2.fastq.gz,Human,Retina,v3,0,150
GSE130636,SRR9004371,ftp://ftp.sra.ebi.ac.uk/vol1/fastq/SRR900/001/SRR9004371/SRR9004371_1.fastq.gz,ftp://ftp.sra.ebi.ac.uk/vol1/fastq/SRR900/001/SRR9004371/SRR9004371_2.fastq.gz,Human,Retina,v3,0,150
GSE130636,SRR9004372,ftp://ftp.sra.ebi.ac.uk/vol1/fastq/SRR900/002/SRR9004372/SRR9004372_1.fastq.gz,ftp://ftp.sra.ebi.ac.uk/vol1/fastq/SRR900/002/SRR9004372/SRR9004372_2.fastq.gz,Human,Retina,v3,0,150
GSE130636,SRR9004373,ftp://ftp.sra.ebi.ac.uk/vol1/fastq/SRR900/003/SRR9004373/SRR9004373_1.fastq.gz,ftp://ftp.sra.ebi.ac.uk/vol1/fastq/SRR900/003/SRR9004373/SRR9004373_2.fastq.gz,Human,Retina,v3,0,150
GSE130636,SRR9004374,ftp://ftp.sra.ebi.ac.uk/vol1/fastq/SRR900/004/SRR9004374/SRR9004374_1.fastq.gz,ftp://ftp.sra.ebi.ac.uk/vol1/fastq/SRR900/004/SRR9004374/SRR9004374_2.fastq.gz,Human,Retina,v3,0,150
GSE130636,SRR9004375,ftp://ftp.sra.ebi.ac.uk/vol1/fastq/SRR900/005/SRR9004375/SRR9004375_1.fastq.gz,ftp://ftp.sra.ebi.ac.uk/vol1/fastq/SRR900/005/SRR9004375/SRR9004375_2.fastq.gz,Human,Retina,v3,0,150
GSE130636,SRR9004376,ftp://ftp.sra.ebi.ac.uk/vol1/fastq/SRR900/006/SRR9004376/SRR9004376_1.fastq.gz,ftp://ftp.sra.ebi.ac.uk/vol1/fastq/SRR900/006/SRR9004376/SRR9004376_2.fastq.gz,Human,Retina,v3,0,150
GSE130636,SRR9004377,ftp://ftp.sra.ebi.ac.uk/vol1/fastq/SRR900/007/SRR9004377/SRR9004377_1.fastq.gz,ftp://ftp.sra.ebi.ac.uk/vol1/fastq/SRR900/007/SRR9004377/SRR9004377_2.fastq.gz,Human,Retina,v3,0,150
GSE130636,SRR9004378,ftp://ftp.sra.ebi.ac.uk/vol1/fastq/SRR900/008/SRR9004378/SRR9004378_1.fastq.gz,ftp://ftp.sra.ebi.ac.uk/vol1/fastq/SRR900/008/SRR9004378/SRR9004378_2.fastq.gz,Human,Retina,v3,0,150
GSE130636,SRR9004379,ftp://ftp.sra.ebi.ac.uk/vol1/fastq/SRR900/009/SRR9004379/SRR9004379_1.fastq.gz,ftp://ftp.sra.ebi.ac.uk/vol1/fastq/SRR900/009/SRR9004379/SRR9004379_2.fastq.gz,Human,Retina,v3,0,150
GSE130636,SRR9004380,ftp://ftp.sra.ebi.ac.uk/vol1/fastq/SRR900/000/SRR9004380/SRR9004380_1.fastq.gz,ftp://ftp.sra.ebi.ac.uk/vol1/fastq/SRR900/000/SRR9004380/SRR9004380_2.fastq.gz,Human,Retina,v3,0,150
GSE130636,SRR9004381,ftp://ftp.sra.ebi.ac.uk/vol1/fastq/SRR900/001/SRR9004381/SRR9004381_1.fastq.gz,ftp://ftp.sra.ebi.ac.uk/vol1/fastq/SRR900/001/SRR9004381/SRR9004381_2.fastq.gz,Human,Retina,v3,0,150
GSE130636,SRR9004382,ftp://ftp.sra.ebi.ac.uk/vol1/fastq/SRR900/002/SRR9004382/SRR9004382_1.fastq.gz,ftp://ftp.sra.ebi.ac.uk/vol1/fastq/SRR900/002/SRR9004382/SRR9004382_2.fastq.gz,Human,Retina,v3,0,150
GSE130636,SRR9004383,ftp://ftp.sra.ebi.ac.uk/vol1/fastq/SRR900/003/SRR9004383/SRR9004383_1.fastq.gz,ftp://ftp.sra.ebi.ac.uk/vol1/fastq/SRR900/003/SRR9004383/SRR9004383_2.fastq.gz,Human,Retina,v3,0,150
GSE130636,SRR9004384,ftp://ftp.sra.ebi.ac.uk/vol1/fastq/SRR900/004/SRR9004384/SRR9004384_1.fastq.gz,ftp://ftp.sra.ebi.ac.uk/vol1/fastq/SRR900/004/SRR9004384/SRR9004384_2.fastq.gz,Human,Retina,v3,0,150
GSE130636,SRR9004385,ftp://ftp.sra.ebi.ac.uk/vol1/fastq/SRR900/005/SRR9004385/SRR9004385_1.fastq.gz,ftp://ftp.sra.ebi.ac.uk/vol1/fastq/SRR900/005/SRR9004385/SRR9004385_2.fastq.gz,Human,Retina,v3,0,150
GSE130636,SRR9004386,ftp://ftp.sra.ebi.ac.uk/vol1/fastq/SRR900/006/SRR9004386/SRR9004386_1.fastq.gz,ftp://ftp.sra.ebi.ac.uk/vol1/fastq/SRR900/006/SRR9004386/SRR9004386_2.fastq.gz,Human,Retina,v3,0,150
GSE130636,SRR9004387,ftp://ftp.sra.ebi.ac.uk/vol1/fastq/SRR900/007/SRR9004387/SRR9004387_1.fastq.gz,ftp://ftp.sra.ebi.ac.uk/vol1/fastq/SRR900/007/SRR9004387/SRR9004387_2.fastq.gz,Human,Retina,v3,0,150
GSE130636,SRR9004388,ftp://ftp.sra.ebi.ac.uk/vol1/fastq/SRR900/008/SRR9004388/SRR9004388_1.fastq.gz,ftp://ftp.sra.ebi.ac.uk/vol1/fastq/SRR900/008/SRR9004388/SRR9004388_2.fastq.gz,Human,Retina,v3,0,150
GSE130636,SRR9004389,ftp://ftp.sra.ebi.ac.uk/vol1/fastq/SRR900/009/SRR9004389/SRR9004389_1.fastq.gz,ftp://ftp.sra.ebi.ac.uk/vol1/fastq/SRR900/009/SRR9004389/SRR9004389_2.fastq.gz,Human,Retina,v3,0,150
GSE130636,SRR9004390,ftp://ftp.sra.ebi.ac.uk/vol1/fastq/SRR900/000/SRR9004390/SRR9004390_1.fastq.gz,ftp://ftp.sra.ebi.ac.uk/vol1/fastq/SRR900/000/SRR9004390/SRR9004390_2.fastq.gz,Human,Retina,v3,0,150
GSE130636,SRR9004391,ftp://ftp.sra.ebi.ac.uk/vol1/fastq/SRR900/001/SRR9004391/SRR9004391_1.fastq.gz,ftp://ftp.sra.ebi.ac.uk/vol1/fastq/SRR900/001/SRR9004391/SRR9004391_2.fastq.gz,Human,Retina,v3,0,150
GSE130636,SRR9004392,ftp://ftp.sra.ebi.ac.uk/vol1/fastq/SRR900/002/SRR9004392/SRR9004392_1.fastq.gz,ftp://ftp.sra.ebi.ac.uk/vol1/fastq/SRR900/002/SRR9004392/SRR9004392_2.fastq.gz,Human,Retina,v3,0,150
GSE130636,SRR9004393,ftp://ftp.sra.ebi.ac.uk/vol1/fastq/SRR900/003/SRR9004393/SRR9004393_1.fastq.gz,ftp://ftp.sra.ebi.ac.uk/vol1/fastq/SRR900/003/SRR9004393/SRR9004393_2.fastq.gz,Human,Retina,v3,0,150
GSE130636,SRR9004394,ftp://ftp.sra.ebi.ac.uk/vol1/fastq/SRR900/004/SRR9004394/SRR9004394_1.fastq.gz,ftp://ftp.sra.ebi.ac.uk/vol1/fastq/SRR900/004/SRR9004394/SRR9004394_2.fastq.gz,Human,Retina,v3,0,150
GSE130636,SRR9004395,ftp://ftp.sra.ebi.ac.uk/vol1/fastq/SRR900/005/SRR9004395/SRR9004395_1.fastq.gz,ftp://ftp.sra.ebi.ac.uk/vol1/fastq/SRR900/005/SRR9004395/SRR9004395_2.fastq.gz,Human,Retina,v3,0,150
GSE130636,SRR9004396,ftp://ftp.sra.ebi.ac.uk/vol1/fastq/SRR900/006/SRR9004396/SRR9004396_1.fastq.gz,ftp://ftp.sra.ebi.ac.uk/vol1/fastq/SRR900/006/SRR9004396/SRR9004396_2.fastq.gz,Human,Retina,v3,0,150
GSE130636,SRR9004397,ftp://ftp.sra.ebi.ac.uk/vol1/fastq/SRR900/007/SRR9004397/SRR9004397_1.fastq.gz,ftp://ftp.sra.ebi.ac.uk/vol1/fastq/SRR900/007/SRR9004397/SRR9004397_2.fastq.gz,Human,Retina,v3,0,150
GSE130636,SRR9004398,ftp://ftp.sra.ebi.ac.uk/vol1/fastq/SRR900/008/SRR9004398/SRR9004398_1.fastq.gz,ftp://ftp.sra.ebi.ac.uk/vol1/fastq/SRR900/008/SRR9004398/SRR9004398_2.fastq.gz,Human,Retina,v3,0,150
GSE130636,SRR9004399,ftp://ftp.sra.ebi.ac.uk/vol1/fastq/SRR900/009/SRR9004399/SRR9004399_1.fastq.gz,ftp://ftp.sra.ebi.ac.uk/vol1/fastq/SRR900/009/SRR9004399/SRR9004399_2.fastq.gz,Human,Retina,v3,0,150
GSE130636,SRR9004400,ftp://ftp.sra.ebi.ac.uk/vol1/fastq/SRR900/000/SRR9004400/SRR9004400_1.fastq.gz,ftp://ftp.sra.ebi.ac.uk/vol1/fastq/SRR900/000/SRR9004400/SRR9004400_2.fastq.gz,Human,Retina,v3,0,150
GSE130636,SRR9004401,ftp://ftp.sra.ebi.ac.uk/vol1/fastq/SRR900/001/SRR9004401/SRR9004401_1.fastq.gz,ftp://ftp.sra.ebi.ac.uk/vol1/fastq/SRR900/001/SRR9004401/SRR9004401_2.fastq.gz,Human,Retina,v3,0,150
GSE130636,SRR9004402,ftp://ftp.sra.ebi.ac.uk/vol1/fastq/SRR900/002/SRR9004402/SRR9004402_1.fastq.gz,ftp://ftp.sra.ebi.ac.uk/vol1/fastq/SRR900/002/SRR9004402/SRR9004402_2.fastq.gz,Human,Retina,v3,0,150
GSE130636,SRR9004403,ftp://ftp.sra.ebi.ac.uk/vol1/fastq/SRR900/003/SRR9004403/SRR9004403_1.fastq.gz,ftp://ftp.sra.ebi.ac.uk/vol1/fastq/SRR900/003/SRR9004403/SRR9004403_2.fastq.gz,Human,Retina,v3,0,150
GSE130636,SRR9004404,ftp://ftp.sra.ebi.ac.uk/vol1/fastq/SRR900/004/SRR9004404/SRR9004404_1.fastq.gz,ftp://ftp.sra.ebi.ac.uk/vol1/fastq/SRR900/004/SRR9004404/SRR9004404_2.fastq.gz,Human,Retina,v3,0,150
GSE130636,SRR9004405,ftp://ftp.sra.ebi.ac.uk/vol1/fastq/SRR900/005/SRR9004405/SRR9004405_1.fastq.gz,ftp://ftp.sra.ebi.ac.uk/vol1/fastq/SRR900/005/SRR9004405/SRR9004405_2.fastq.gz,Human,Retina,v3,0,150
GSE130636,SRR9004406,ftp://ftp.sra.ebi.ac.uk/vol1/fastq/SRR900/006/SRR9004406/SRR9004406_1.fastq.gz,ftp://ftp.sra.ebi.ac.uk/vol1/fastq/SRR900/006/SRR9004406/SRR9004406_2.fastq.gz,Human,Retina,v3,0,150
GSE130636,SRR9004407,ftp://ftp.sra.ebi.ac.uk/vol1/fastq/SRR900/007/SRR9004407/SRR9004407_1.fastq.gz,ftp://ftp.sra.ebi.ac.uk/vol1/fastq/SRR900/007/SRR9004407/SRR9004407_2.fastq.gz,Human,Retina,v3,0,150
GSE130636,SRR9004408,ftp://ftp.sra.ebi.ac.uk/vol1/fastq/SRR900/008/SRR9004408/SRR9004408_1.fastq.gz,ftp://ftp.sra.ebi.ac.uk/vol1/fastq/SRR900/008/SRR9004408/SRR9004408_2.fastq.gz,Human,Retina,v3,0,150
GSE130636,SRR9004409,ftp://ftp.sra.ebi.ac.uk/vol1/fastq/SRR900/009/SRR9004409/SRR9004409_1.fastq.gz,ftp://ftp.sra.ebi.ac.uk/vol1/fastq/SRR900/009/SRR9004409/SRR9004409_2.fastq.gz,Human,Retina,v3,0,150
GSE130636,SRR9004410,ftp://ftp.sra.ebi.ac.uk/vol1/fastq/SRR900/000/SRR9004410/SRR9004410_1.fastq.gz,ftp://ftp.sra.ebi.ac.uk/vol1/fastq/SRR900/000/SRR9004410/SRR9004410_2.fastq.gz,Human,Retina,v3,0,150
GSE130636,SRR9004411,ftp://ftp.sra.ebi.ac.uk/vol1/fastq/SRR900/001/SRR9004411/SRR9004411_1.fastq.gz,ftp://ftp.sra.ebi.ac.uk/vol1/fastq/SRR900/001/SRR9004411/SRR9004411_2.fastq.gz,Human,Retina,v3,0,150
GSE130636,SRR9004412,ftp://ftp.sra.ebi.ac.uk/vol1/fastq/SRR900/002/SRR9004412/SRR9004412_1.fastq.gz,ftp://ftp.sra.ebi.ac.uk/vol1/fastq/SRR900/002/SRR9004412/SRR9004412_2.fastq.gz,Human,Retina,v3,0,150
GSE130636,SRR9004413,ftp://ftp.sra.ebi.ac.uk/vol1/fastq/SRR900/003/SRR9004413/SRR9004413_1.fastq.gz,ftp://ftp.sra.ebi.ac.uk/vol1/fastq/SRR900/003/SRR9004413/SRR9004413_2.fastq.gz,Human,Retina,v3,0,150
GSE130636,SRR9004414,ftp://ftp.sra.ebi.ac.uk/vol1/fastq/SRR900/004/SRR9004414/SRR9004414_1.fastq.gz,ftp://ftp.sra.ebi.ac.uk/vol1/fastq/SRR900/004/SRR9004414/SRR9004414_2.fastq.gz,Human,Retina,v3,0,150
GSE130636,SRR9004415,ftp://ftp.sra.ebi.ac.uk/vol1/fastq/SRR900/005/SRR9004415/SRR9004415_1.fastq.gz,ftp://ftp.sra.ebi.ac.uk/vol1/fastq/SRR900/005/SRR9004415/SRR9004415_2.fastq.gz,Human,Retina,v3,0,150
GSE130636,SRR9004416,ftp://ftp.sra.ebi.ac.uk/vol1/fastq/SRR900/006/SRR9004416/SRR9004416_1.fastq.gz,ftp://ftp.sra.ebi.ac.uk/vol1/fastq/SRR900/006/SRR9004416/SRR9004416_2.fastq.gz,Human,Retina,v3,0,150
GSE130636,SRR9004417,ftp://ftp.sra.ebi.ac.uk/vol1/fastq/SRR900/007/SRR9004417/SRR9004417_1.fastq.gz,ftp://ftp.sra.ebi.ac.uk/vol1/fastq/SRR900/007/SRR9004417/SRR9004417_2.fastq.gz,Human,Retina,v3,0,150
GSE130636,SRR9004418,ftp://ftp.sra.ebi.ac.uk/vol1/fastq/SRR900/008/SRR9004418/SRR9004418_1.fastq.gz,ftp://ftp.sra.ebi.ac.uk/vol1/fastq/SRR900/008/SRR9004418/SRR9004418_2.fastq.gz,Human,Retina,v3,0,150
GSE130636,SRR9004419,ftp://ftp.sra.ebi.ac.uk/vol1/fastq/SRR900/009/SRR9004419/SRR9004419_1.fastq.gz,ftp://ftp.sra.ebi.ac.uk/vol1/fastq/SRR900/009/SRR9004419/SRR9004419_2.fastq.gz,Human,Retina,v3,0,150
GSE130636,SRR9004420,ftp://ftp.sra.ebi.ac.uk/vol1/fastq/SRR900/000/SRR9004420/SRR9004420_1.fastq.gz,ftp://ftp.sra.ebi.ac.uk/vol1/fastq/SRR900/000/SRR9004420/SRR9004420_2.fastq.gz,Human,Retina,v3,0,150
GSE131736,SRR9117957,ftp://ftp.sra.ebi.ac.uk/vol1/fastq/SRR911/007/SRR9117957/SRR9117957_1.fastq.gz,ftp://ftp.sra.ebi.ac.uk/vol1/fastq/SRR911/007/SRR9117957/SRR9117957_2.fastq.gz,Human,Retina,v2,0,75
GSE131736,SRR9117975,ftp://ftp.sra.ebi.ac.uk/vol1/fastq/SRR911/005/SRR9117975/SRR9117975_1.fastq.gz,ftp://ftp.sra.ebi.ac.uk/vol1/fastq/SRR911/005/SRR9117975/SRR9117975_2.fastq.gz,Human,Retina,v2,0,75
GSE131736,SRR9117976,ftp://ftp.sra.ebi.ac.uk/vol1/fastq/SRR911/006/SRR9117976/SRR9117976_1.fastq.gz,ftp://ftp.sra.ebi.ac.uk/vol1/fastq/SRR911/006/SRR9117976/SRR9117976_2.fastq.gz,Human,Retina,v2,0,75
GSE134520,SRR9713114,ftp://ftp.sra.ebi.ac.uk/vol1/fastq/SRR971/004/SRR9713114/SRR9713114_1.fastq.gz,ftp://ftp.sra.ebi.ac.uk/vol1/fastq/SRR971/004/SRR9713114/SRR9713114_2.fastq.gz,Human,Stomach,v2,0,150
GSE134520,SRR9713115,ftp://ftp.sra.ebi.ac.uk/vol1/fastq/SRR971/005/SRR9713115/SRR9713115_1.fastq.gz,ftp://ftp.sra.ebi.ac.uk/vol1/fastq/SRR971/005/SRR9713115/SRR9713115_2.fastq.gz,Human,Stomach,v2,0,150
GSE134520,SRR9713116,ftp://ftp.sra.ebi.ac.uk/vol1/fastq/SRR971/006/SRR9713116/SRR9713116_1.fastq.gz,ftp://ftp.sra.ebi.ac.uk/vol1/fastq/SRR971/006/SRR9713116/SRR9713116_2.fastq.gz,Human,Stomach,v2,0,150
GSE134520,SRR9713118,ftp://ftp.sra.ebi.ac.uk/vol1/fastq/SRR971/008/SRR9713118/SRR9713118_1.fastq.gz,ftp://ftp.sra.ebi.ac.uk/vol1/fastq/SRR971/008/SRR9713118/SRR9713118_2.fastq.gz,Human,Stomach,v2,0,150
GSE134520,SRR9713119,ftp://ftp.sra.ebi.ac.uk/vol1/fastq/SRR971/009/SRR9713119/SRR9713119_1.fastq.gz,ftp://ftp.sra.ebi.ac.uk/vol1/fastq/SRR971/009/SRR9713119/SRR9713119_2.fastq.gz,Human,Stomach,v2,0,150
GSE134520,SRR9713120,ftp://ftp.sra.ebi.ac.uk/vol1/fastq/SRR971/000/SRR9713120/SRR9713120_1.fastq.gz,ftp://ftp.sra.ebi.ac.uk/vol1/fastq/SRR971/000/SRR9713120/SRR9713120_2.fastq.gz,Human,Stomach,v2,0,150
GSE134520,SRR9713121,ftp://ftp.sra.ebi.ac.uk/vol1/fastq/SRR971/001/SRR9713121/SRR9713121_1.fastq.gz,ftp://ftp.sra.ebi.ac.uk/vol1/fastq/SRR971/001/SRR9713121/SRR9713121_2.fastq.gz,Human,Stomach,v2,0,150
GSE134520,SRR9713122,ftp://ftp.sra.ebi.ac.uk/vol1/fastq/SRR971/002/SRR9713122/SRR9713122_1.fastq.gz,ftp://ftp.sra.ebi.ac.uk/vol1/fastq/SRR971/002/SRR9713122/SRR9713122_2.fastq.gz,Human,Stomach,v2,0,150
GSE134520,SRR9713123,ftp://ftp.sra.ebi.ac.uk/vol1/fastq/SRR971/003/SRR9713123/SRR9713123_1.fastq.gz,ftp://ftp.sra.ebi.ac.uk/vol1/fastq/SRR971/003/SRR9713123/SRR9713123_2.fastq.gz,Human,Stomach,v2,0,150
GSE134520,SRR9713124,ftp://ftp.sra.ebi.ac.uk/vol1/fastq/SRR971/004/SRR9713124/SRR9713124_1.fastq.gz,ftp://ftp.sra.ebi.ac.uk/vol1/fastq/SRR971/004/SRR9713124/SRR9713124_2.fastq.gz,Human,Stomach,v2,0,150
GSE134520,SRR9713125,ftp://ftp.sra.ebi.ac.uk/vol1/fastq/SRR971/005/SRR9713125/SRR9713125_1.fastq.gz,ftp://ftp.sra.ebi.ac.uk/vol1/fastq/SRR971/005/SRR9713125/SRR9713125_2.fastq.gz,Human,Stomach,v2,0,150
GSE134520,SRR9713126,ftp://ftp.sra.ebi.ac.uk/vol1/fastq/SRR971/006/SRR9713126/SRR9713126_1.fastq.gz,ftp://ftp.sra.ebi.ac.uk/vol1/fastq/SRR971/006/SRR9713126/SRR9713126_2.fastq.gz,Human,Stomach,v2,0,150
GSE134520,SRR9713127,ftp://ftp.sra.ebi.ac.uk/vol1/fastq/SRR971/007/SRR9713127/SRR9713127_1.fastq.gz,ftp://ftp.sra.ebi.ac.uk/vol1/fastq/SRR971/007/SRR9713127/SRR9713127_2.fastq.gz,Human,Stomach,v2,0,150
GSE134520,SRR9713128,ftp://ftp.sra.ebi.ac.uk/vol1/fastq/SRR971/008/SRR9713128/SRR9713128_1.fastq.gz,ftp://ftp.sra.ebi.ac.uk/vol1/fastq/SRR971/008/SRR9713128/SRR9713128_2.fastq.gz,Human,Stomach,v2,0,150
GSE134520,SRR9713129,ftp://ftp.sra.ebi.ac.uk/vol1/fastq/SRR971/009/SRR9713129/SRR9713129_1.fastq.gz,ftp://ftp.sra.ebi.ac.uk/vol1/fastq/SRR971/009/SRR9713129/SRR9713129_2.fastq.gz,Human,Stomach,v2,0,150
GSE134520,SRR9713130,ftp://ftp.sra.ebi.ac.uk/vol1/fastq/SRR971/000/SRR9713130/SRR9713130_1.fastq.gz,ftp://ftp.sra.ebi.ac.uk/vol1/fastq/SRR971/000/SRR9713130/SRR9713130_2.fastq.gz,Human,Stomach,v2,0,150
GSE134520,SRR9713132,ftp://ftp.sra.ebi.ac.uk/vol1/fastq/SRR971/002/SRR9713132/SRR9713132_1.fastq.gz,ftp://ftp.sra.ebi.ac.uk/vol1/fastq/SRR971/002/SRR9713132/SRR9713132_2.fastq.gz,Human,Stomach,v2,0,150
GSE134520,SRR9713133,ftp://ftp.sra.ebi.ac.uk/vol1/fastq/SRR971/003/SRR9713133/SRR9713133_1.fastq.gz,ftp://ftp.sra.ebi.ac.uk/vol1/fastq/SRR971/003/SRR9713133/SRR9713133_2.fastq.gz,Human,Stomach,v2,0,150
GSE134520,SRR9713134,ftp://ftp.sra.ebi.ac.uk/vol1/fastq/SRR971/004/SRR9713134/SRR9713134_1.fastq.gz,ftp://ftp.sra.ebi.ac.uk/vol1/fastq/SRR971/004/SRR9713134/SRR9713134_2.fastq.gz,Human,Stomach,v2,0,150
GSE134520,SRR9713135,ftp://ftp.sra.ebi.ac.uk/vol1/fastq/SRR971/005/SRR9713135/SRR9713135_1.fastq.gz,ftp://ftp.sra.ebi.ac.uk/vol1/fastq/SRR971/005/SRR9713135/SRR9713135_2.fastq.gz,Human,Stomach,v2,0,150
GSE134520,SRR9713136,ftp://ftp.sra.ebi.ac.uk/vol1/fastq/SRR971/006/SRR9713136/SRR9713136_1.fastq.gz,ftp://ftp.sra.ebi.ac.uk/vol1/fastq/SRR971/006/SRR9713136/SRR9713136_2.fastq.gz,Human,Stomach,v2,0,150
GSE134520,SRR9713137,ftp://ftp.sra.ebi.ac.uk/vol1/fastq/SRR971/007/SRR9713137/SRR9713137_1.fastq.gz,ftp://ftp.sra.ebi.ac.uk/vol1/fastq/SRR971/007/SRR9713137/SRR9713137_2.fastq.gz,Human,Stomach,v2,0,150
GSE134520,SRR9713138,ftp://ftp.sra.ebi.ac.uk/vol1/fastq/SRR971/008/SRR9713138/SRR9713138_1.fastq.gz,ftp://ftp.sra.ebi.ac.uk/vol1/fastq/SRR971/008/SRR9713138/SRR9713138_2.fastq.gz,Human,Stomach,v2,0,150
GSE134520,SRR9713139,ftp://ftp.sra.ebi.ac.uk/vol1/fastq/SRR971/009/SRR9713139/SRR9713139_1.fastq.gz,ftp://ftp.sra.ebi.ac.uk/vol1/fastq/SRR971/009/SRR9713139/SRR9713139_2.fastq.gz,Human,Stomach,v2,0,150
GSE134520,SRR9713140,ftp://ftp.sra.ebi.ac.uk/vol1/fastq/SRR971/000/SRR9713140/SRR9713140_1.fastq.gz,ftp://ftp.sra.ebi.ac.uk/vol1/fastq/SRR971/000/SRR9713140/SRR9713140_2.fastq.gz,Human,Stomach,v2,0,150
GSE134520,SRR9713141,ftp://ftp.sra.ebi.ac.uk/vol1/fastq/SRR971/001/SRR9713141/SRR9713141_1.fastq.gz,ftp://ftp.sra.ebi.ac.uk/vol1/fastq/SRR971/001/SRR9713141/SRR9713141_2.fastq.gz,Human,Stomach,v2,0,150
GSE134520,SRR9713142,ftp://ftp.sra.ebi.ac.uk/vol1/fastq/SRR971/002/SRR9713142/SRR9713142_1.fastq.gz,ftp://ftp.sra.ebi.ac.uk/vol1/fastq/SRR971/002/SRR9713142/SRR9713142_2.fastq.gz,Human,Stomach,v2,0,150
GSE134520,SRR9713143,ftp://ftp.sra.ebi.ac.uk/vol1/fastq/SRR971/003/SRR9713143/SRR9713143_1.fastq.gz,ftp://ftp.sra.ebi.ac.uk/vol1/fastq/SRR971/003/SRR9713143/SRR9713143_2.fastq.gz,Human,Stomach,v2,0,150
GSE134520,SRR9713144,ftp://ftp.sra.ebi.ac.uk/vol1/fastq/SRR971/004/SRR9713144/SRR9713144_1.fastq.gz,ftp://ftp.sra.ebi.ac.uk/vol1/fastq/SRR971/004/SRR9713144/SRR9713144_2.fastq.gz,Human,Stomach,v2,0,150
GSE134520,SRR9713145,ftp://ftp.sra.ebi.ac.uk/vol1/fastq/SRR971/005/SRR9713145/SRR9713145_1.fastq.gz,ftp://ftp.sra.ebi.ac.uk/vol1/fastq/SRR971/005/SRR9713145/SRR9713145_2.fastq.gz,Human,Stomach,v2,0,150
GSE134520,SRR9713146,ftp://ftp.sra.ebi.ac.uk/vol1/fastq/SRR971/006/SRR9713146/SRR9713146_1.fastq.gz,ftp://ftp.sra.ebi.ac.uk/vol1/fastq/SRR971/006/SRR9713146/SRR9713146_2.fastq.gz,Human,Stomach,v2,0,150
GSE134520,SRR9713147,ftp://ftp.sra.ebi.ac.uk/vol1/fastq/SRR971/007/SRR9713147/SRR9713147_1.fastq.gz,ftp://ftp.sra.ebi.ac.uk/vol1/fastq/SRR971/007/SRR9713147/SRR9713147_2.fastq.gz,Human,Stomach,v2,0,150
GSE134520,SRR9713148,ftp://ftp.sra.ebi.ac.uk/vol1/fastq/SRR971/008/SRR9713148/SRR9713148_1.fastq.gz,ftp://ftp.sra.ebi.ac.uk/vol1/fastq/SRR971/008/SRR9713148/SRR9713148_2.fastq.gz,Human,Stomach,v2,0,150
GSE134520,SRR9713149,ftp://ftp.sra.ebi.ac.uk/vol1/fastq/SRR971/009/SRR9713149/SRR9713149_1.fastq.gz,ftp://ftp.sra.ebi.ac.uk/vol1/fastq/SRR971/009/SRR9713149/SRR9713149_2.fastq.gz,Human,Stomach,v2,0,150
GSE134520,SRR9713150,ftp://ftp.sra.ebi.ac.uk/vol1/fastq/SRR971/000/SRR9713150/SRR9713150_1.fastq.gz,ftp://ftp.sra.ebi.ac.uk/vol1/fastq/SRR971/000/SRR9713150/SRR9713150_2.fastq.gz,Human,Stomach,v2,0,150
GSE134520,SRR9713151,ftp://ftp.sra.ebi.ac.uk/vol1/fastq/SRR971/001/SRR9713151/SRR9713151_1.fastq.gz,ftp://ftp.sra.ebi.ac.uk/vol1/fastq/SRR971/001/SRR9713151/SRR9713151_2.fastq.gz,Human,Stomach,v2,0,150
GSE134520,SRR9713152,ftp://ftp.sra.ebi.ac.uk/vol1/fastq/SRR971/002/SRR9713152/SRR9713152_1.fastq.gz,ftp://ftp.sra.ebi.ac.uk/vol1/fastq/SRR971/002/SRR9713152/SRR9713152_2.fastq.gz,Human,Stomach,v2,0,150
GSE134520,SRR9713153,ftp://ftp.sra.ebi.ac.uk/vol1/fastq/SRR971/003/SRR9713153/SRR9713153_1.fastq.gz,ftp://ftp.sra.ebi.ac.uk/vol1/fastq/SRR971/003/SRR9713153/SRR9713153_2.fastq.gz,Human,Stomach,v2,0,150
GSE134520,SRR9713154,ftp://ftp.sra.ebi.ac.uk/vol1/fastq/SRR971/004/SRR9713154/SRR9713154_1.fastq.gz,ftp://ftp.sra.ebi.ac.uk/vol1/fastq/SRR971/004/SRR9713154/SRR9713154_2.fastq.gz,Human,Stomach,v2,0,150
GSE134520,SRR9713155,ftp://ftp.sra.ebi.ac.uk/vol1/fastq/SRR971/005/SRR9713155/SRR9713155_1.fastq.gz,ftp://ftp.sra.ebi.ac.uk/vol1/fastq/SRR971/005/SRR9713155/SRR9713155_2.fastq.gz,Human,Stomach,v2,0,150
GSE134520,SRR9713156,ftp://ftp.sra.ebi.ac.uk/vol1/fastq/SRR971/006/SRR9713156/SRR9713156_1.fastq.gz,ftp://ftp.sra.ebi.ac.uk/vol1/fastq/SRR971/006/SRR9713156/SRR9713156_2.fastq.gz,Human,Stomach,v2,0,150
GSE134520,SRR9713157,ftp://ftp.sra.ebi.ac.uk/vol1/fastq/SRR971/007/SRR9713157/SRR9713157_1.fastq.gz,ftp://ftp.sra.ebi.ac.uk/vol1/fastq/SRR971/007/SRR9713157/SRR9713157_2.fastq.gz,Human,Stomach,v2,0,150
GSE134520,SRR9713158,ftp://ftp.sra.ebi.ac.uk/vol1/fastq/SRR971/008/SRR9713158/SRR9713158_1.fastq.gz,ftp://ftp.sra.ebi.ac.uk/vol1/fastq/SRR971/008/SRR9713158/SRR9713158_2.fastq.gz,Human,Stomach,v2,0,150
GSE134520,SRR9713159,ftp://ftp.sra.ebi.ac.uk/vol1/fastq/SRR971/009/SRR9713159/SRR9713159_1.fastq.gz,ftp://ftp.sra.ebi.ac.uk/vol1/fastq/SRR971/009/SRR9713159/SRR9713159_2.fastq.gz,Human,Stomach,v2,0,150
GSE134520,SRR9713160,ftp://ftp.sra.ebi.ac.uk/vol1/fastq/SRR971/000/SRR9713160/SRR9713160_1.fastq.gz,ftp://ftp.sra.ebi.ac.uk/vol1/fastq/SRR971/000/SRR9713160/SRR9713160_2.fastq.gz,Human,Stomach,v2,0,150
GSE134520,SRR9713161,ftp://ftp.sra.ebi.ac.uk/vol1/fastq/SRR971/001/SRR9713161/SRR9713161_1.fastq.gz,ftp://ftp.sra.ebi.ac.uk/vol1/fastq/SRR971/001/SRR9713161/SRR9713161_2.fastq.gz,Human,Stomach,v2,0,150
GSE134520,SRR9713162,ftp://ftp.sra.ebi.ac.uk/vol1/fastq/SRR971/002/SRR9713162/SRR9713162_1.fastq.gz,ftp://ftp.sra.ebi.ac.uk/vol1/fastq/SRR971/002/SRR9713162/SRR9713162_2.fastq.gz,Human,Stomach,v2,0,150
GSE134520,SRR9713163,ftp://ftp.sra.ebi.ac.uk/vol1/fastq/SRR971/003/SRR9713163/SRR9713163_1.fastq.gz,ftp://ftp.sra.ebi.ac.uk/vol1/fastq/SRR971/003/SRR9713163/SRR9713163_2.fastq.gz,Human,Stomach,v2,0,150
GSE135922,SRR9990627,ftp://ftp.sra.ebi.ac.uk/vol1/fastq/SRR999/007/SRR9990627/SRR9990627_1.fastq.gz,ftp://ftp.sra.ebi.ac.uk/vol1/fastq/SRR999/007/SRR9990627/SRR9990627_2.fastq.gz,Human,Macula-8mm-rpe-cho-donor-1,v3,0,151
GSE135922,SRR9990628,ftp://ftp.sra.ebi.ac.uk/vol1/fastq/SRR999/008/SRR9990628/SRR9990628_1.fastq.gz,ftp://ftp.sra.ebi.ac.uk/vol1/fastq/SRR999/008/SRR9990628/SRR9990628_2.fastq.gz,Human,Macula-8mm-rpe-cho-donor-1,v3,0,151
GSE135922,SRR9990629,ftp://ftp.sra.ebi.ac.uk/vol1/fastq/SRR999/009/SRR9990629/SRR9990629_1.fastq.gz,ftp://ftp.sra.ebi.ac.uk/vol1/fastq/SRR999/009/SRR9990629/SRR9990629_2.fastq.gz,Human,Macula-8mm-rpe-cho-donor-1,v3,0,151
GSE135922,SRR9990630,ftp://ftp.sra.ebi.ac.uk/vol1/fastq/SRR999/000/SRR9990630/SRR9990630_1.fastq.gz,ftp://ftp.sra.ebi.ac.uk/vol1/fastq/SRR999/000/SRR9990630/SRR9990630_2.fastq.gz,Human,Macula-8mm-rpe-cho-donor-1,v3,0,151
GSE135922,SRR9990631,ftp://ftp.sra.ebi.ac.uk/vol1/fastq/SRR999/001/SRR9990631/SRR9990631_1.fastq.gz,ftp://ftp.sra.ebi.ac.uk/vol1/fastq/SRR999/001/SRR9990631/SRR9990631_2.fastq.gz,Human,Macula-8mm-rpe-cho-donor-1,v3,0,151
GSE135922,SRR9990632,ftp://ftp.sra.ebi.ac.uk/vol1/fastq/SRR999/002/SRR9990632/SRR9990632_1.fastq.gz,ftp://ftp.sra.ebi.ac.uk/vol1/fastq/SRR999/002/SRR9990632/SRR9990632_2.fastq.gz,Human,Macula-8mm-rpe-cho-donor-1,v3,0,151
GSE135922,SRR9990633,ftp://ftp.sra.ebi.ac.uk/vol1/fastq/SRR999/003/SRR9990633/SRR9990633_1.fastq.gz,ftp://ftp.sra.ebi.ac.uk/vol1/fastq/SRR999/003/SRR9990633/SRR9990633_2.fastq.gz,Human,Macula-8mm-rpe-cho-donor-1,v3,0,151
GSE135922,SRR9990634,ftp://ftp.sra.ebi.ac.uk/vol1/fastq/SRR999/004/SRR9990634/SRR9990634_1.fastq.gz,ftp://ftp.sra.ebi.ac.uk/vol1/fastq/SRR999/004/SRR9990634/SRR9990634_2.fastq.gz,Human,Macula-8mm-rpe-cho-donor-1,v3,0,151
GSE135922,SRR9990635,ftp://ftp.sra.ebi.ac.uk/vol1/fastq/SRR999/005/SRR9990635/SRR9990635_1.fastq.gz,ftp://ftp.sra.ebi.ac.uk/vol1/fastq/SRR999/005/SRR9990635/SRR9990635_2.fastq.gz,Human,Macula-8mm-rpe-cho-donor-1,v3,0,151
GSE135922,SRR9990636,ftp://ftp.sra.ebi.ac.uk/vol1/fastq/SRR999/006/SRR9990636/SRR9990636_1.fastq.gz,ftp://ftp.sra.ebi.ac.uk/vol1/fastq/SRR999/006/SRR9990636/SRR9990636_2.fastq.gz,Human,Macula-8mm-rpe-cho-donor-1,v3,0,151
GSE135922,SRR9990637,ftp://ftp.sra.ebi.ac.uk/vol1/fastq/SRR999/007/SRR9990637/SRR9990637_1.fastq.gz,ftp://ftp.sra.ebi.ac.uk/vol1/fastq/SRR999/007/SRR9990637/SRR9990637_2.fastq.gz,Human,Macula-8mm-rpe-cho-donor-1,v3,0,151
GSE135922,SRR9990639,ftp://ftp.sra.ebi.ac.uk/vol1/fastq/SRR999/009/SRR9990639/SRR9990639_1.fastq.gz,ftp://ftp.sra.ebi.ac.uk/vol1/fastq/SRR999/009/SRR9990639/SRR9990639_2.fastq.gz,Human,Macula-8mm-rpe-cho-donor-1,v3,0,151
GSE135922,SRR9990640,ftp://ftp.sra.ebi.ac.uk/vol1/fastq/SRR999/000/SRR9990640/SRR9990640_1.fastq.gz,ftp://ftp.sra.ebi.ac.uk/vol1/fastq/SRR999/000/SRR9990640/SRR9990640_2.fastq.gz,Human,Macula-8mm-rpe-cho-donor-1,v3,0,151
GSE135922,SRR9990641,ftp://ftp.sra.ebi.ac.uk/vol1/fastq/SRR999/001/SRR9990641/SRR9990641_1.fastq.gz,ftp://ftp.sra.ebi.ac.uk/vol1/fastq/SRR999/001/SRR9990641/SRR9990641_2.fastq.gz,Human,Macula-8mm-rpe-cho-donor-1,v3,0,151
GSE135922,SRR9990642,ftp://ftp.sra.ebi.ac.uk/vol1/fastq/SRR999/002/SRR9990642/SRR9990642_1.fastq.gz,ftp://ftp.sra.ebi.ac.uk/vol1/fastq/SRR999/002/SRR9990642/SRR9990642_2.fastq.gz,Human,Macula-8mm-rpe-cho-donor-1,v3,0,151
GSE135922,SRR9990643,ftp://ftp.sra.ebi.ac.uk/vol1/fastq/SRR999/003/SRR9990643/SRR9990643_1.fastq.gz,ftp://ftp.sra.ebi.ac.uk/vol1/fastq/SRR999/003/SRR9990643/SRR9990643_2.fastq.gz,Human,Macula-8mm-rpe-cho-donor-1,v3,0,151
GSE135922,SRR9990647,ftp://ftp.sra.ebi.ac.uk/vol1/fastq/SRR999/007/SRR9990647/SRR9990647_1.fastq.gz,ftp://ftp.sra.ebi.ac.uk/vol1/fastq/SRR999/007/SRR9990647/SRR9990647_2.fastq.gz,Human,Macula-8mm-rpe-cho-donor-1,v3,0,151
GSE135922,SRR9990648,ftp://ftp.sra.ebi.ac.uk/vol1/fastq/SRR999/008/SRR9990648/SRR9990648_1.fastq.gz,ftp://ftp.sra.ebi.ac.uk/vol1/fastq/SRR999/008/SRR9990648/SRR9990648_2.fastq.gz,Human,Macula-8mm-rpe-cho-donor-1,v3,0,151
GSE135922,SRR9990649,ftp://ftp.sra.ebi.ac.uk/vol1/fastq/SRR999/009/SRR9990649/SRR9990649_1.fastq.gz,ftp://ftp.sra.ebi.ac.uk/vol1/fastq/SRR999/009/SRR9990649/SRR9990649_2.fastq.gz,Human,Macula-8mm-rpe-cho-donor-1,v3,0,151
GSE135922,SRR9990650,ftp://ftp.sra.ebi.ac.uk/vol1/fastq/SRR999/000/SRR9990650/SRR9990650_1.fastq.gz,ftp://ftp.sra.ebi.ac.uk/vol1/fastq/SRR999/000/SRR9990650/SRR9990650_2.fastq.gz,Human,Macula-8mm-rpe-cho-donor-1,v3,0,151
GSE135922,SRR9990651,ftp://ftp.sra.ebi.ac.uk/vol1/fastq/SRR999/001/SRR9990651/SRR9990651_1.fastq.gz,ftp://ftp.sra.ebi.ac.uk/vol1/fastq/SRR999/001/SRR9990651/SRR9990651_2.fastq.gz,Human,Macula-8mm-rpe-cho-donor-2,v3,0,151
GSE135922,SRR9990652,ftp://ftp.sra.ebi.ac.uk/vol1/fastq/SRR999/002/SRR9990652/SRR9990652_1.fastq.gz,ftp://ftp.sra.ebi.ac.uk/vol1/fastq/SRR999/002/SRR9990652/SRR9990652_2.fastq.gz,Human,Macula-8mm-rpe-cho-donor-2,v3,0,151
GSE135922,SRR9990653,ftp://ftp.sra.ebi.ac.uk/vol1/fastq/SRR999/003/SRR9990653/SRR9990653_1.fastq.gz,ftp://ftp.sra.ebi.ac.uk/vol1/fastq/SRR999/003/SRR9990653/SRR9990653_2.fastq.gz,Human,Macula-8mm-rpe-cho-donor-2,v3,0,151
GSE135922,SRR9990654,ftp://ftp.sra.ebi.ac.uk/vol1/fastq/SRR999/004/SRR9990654/SRR9990654_1.fastq.gz,ftp://ftp.sra.ebi.ac.uk/vol1/fastq/SRR999/004/SRR9990654/SRR9990654_2.fastq.gz,Human,Macula-8mm-rpe-cho-donor-2,v3,0,151
GSE135922,SRR9990655,ftp://ftp.sra.ebi.ac.uk/vol1/fastq/SRR999/005/SRR9990655/SRR9990655_1.fastq.gz,ftp://ftp.sra.ebi.ac.uk/vol1/fastq/SRR999/005/SRR9990655/SRR9990655_2.fastq.gz,Human,Macula-8mm-rpe-cho-donor-2,v3,0,151
GSE135922,SRR9990656,ftp://ftp.sra.ebi.ac.uk/vol1/fastq/SRR999/006/SRR9990656/SRR9990656_1.fastq.gz,ftp://ftp.sra.ebi.ac.uk/vol1/fastq/SRR999/006/SRR9990656/SRR9990656_2.fastq.gz,Human,Macula-8mm-rpe-cho-donor-2,v3,0,151
GSE135922,SRR9990657,ftp://ftp.sra.ebi.ac.uk/vol1/fastq/SRR999/007/SRR9990657/SRR9990657_1.fastq.gz,ftp://ftp.sra.ebi.ac.uk/vol1/fastq/SRR999/007/SRR9990657/SRR9990657_2.fastq.gz,Human,Macula-8mm-rpe-cho-donor-2,v3,0,151
GSE135922,SRR9990658,ftp://ftp.sra.ebi.ac.uk/vol1/fastq/SRR999/008/SRR9990658/SRR9990658_1.fastq.gz,ftp://ftp.sra.ebi.ac.uk/vol1/fastq/SRR999/008/SRR9990658/SRR9990658_2.fastq.gz,Human,Macula-8mm-rpe-cho-donor-2,v3,0,151
GSE135922,SRR9990659,ftp://ftp.sra.ebi.ac.uk/vol1/fastq/SRR999/009/SRR9990659/SRR9990659_1.fastq.gz,ftp://ftp.sra.ebi.ac.uk/vol1/fastq/SRR999/009/SRR9990659/SRR9990659_2.fastq.gz,Human,Macula-8mm-rpe-cho-donor-2,v3,0,151
GSE135922,SRR9990660,ftp://ftp.sra.ebi.ac.uk/vol1/fastq/SRR999/000/SRR9990660/SRR9990660_1.fastq.gz,ftp://ftp.sra.ebi.ac.uk/vol1/fastq/SRR999/000/SRR9990660/SRR9990660_2.fastq.gz,Human,Macula-8mm-rpe-cho-donor-2,v3,0,151
GSE135922,SRR9990661,ftp://ftp.sra.ebi.ac.uk/vol1/fastq/SRR999/001/SRR9990661/SRR9990661_1.fastq.gz,ftp://ftp.sra.ebi.ac.uk/vol1/fastq/SRR999/001/SRR9990661/SRR9990661_2.fastq.gz,Human,Macula-8mm-rpe-cho-donor-2,v3,0,151
GSE135922,SRR9990662,ftp://ftp.sra.ebi.ac.uk/vol1/fastq/SRR999/002/SRR9990662/SRR9990662_1.fastq.gz,ftp://ftp.sra.ebi.ac.uk/vol1/fastq/SRR999/002/SRR9990662/SRR9990662_2.fastq.gz,Human,Macula-8mm-rpe-cho-donor-2,v3,0,151
GSE135922,SRR9990663,ftp://ftp.sra.ebi.ac.uk/vol1/fastq/SRR999/003/SRR9990663/SRR9990663_1.fastq.gz,ftp://ftp.sra.ebi.ac.uk/vol1/fastq/SRR999/003/SRR9990663/SRR9990663_2.fastq.gz,Human,Macula-8mm-rpe-cho-donor-2,v3,0,151
GSE135922,SRR9990664,ftp://ftp.sra.ebi.ac.uk/vol1/fastq/SRR999/004/SRR9990664/SRR9990664_1.fastq.gz,ftp://ftp.sra.ebi.ac.uk/vol1/fastq/SRR999/004/SRR9990664/SRR9990664_2.fastq.gz,Human,Macula-8mm-rpe-cho-donor-2,v3,0,151
GSE135922,SRR9990665,ftp://ftp.sra.ebi.ac.uk/vol1/fastq/SRR999/005/SRR9990665/SRR9990665_1.fastq.gz,ftp://ftp.sra.ebi.ac.uk/vol1/fastq/SRR999/005/SRR9990665/SRR9990665_2.fastq.gz,Human,Macula-8mm-rpe-cho-donor-2,v3,0,151
GSE135922,SRR9990666,ftp://ftp.sra.ebi.ac.uk/vol1/fastq/SRR999/006/SRR9990666/SRR9990666_1.fastq.gz,ftp://ftp.sra.ebi.ac.uk/vol1/fastq/SRR999/006/SRR9990666/SRR9990666_2.fastq.gz,Human,Macula-8mm-rpe-cho-donor-2,v3,0,151
GSE135922,SRR9990667,ftp://ftp.sra.ebi.ac.uk/vol1/fastq/SRR999/007/SRR9990667/SRR9990667_1.fastq.gz,ftp://ftp.sra.ebi.ac.uk/vol1/fastq/SRR999/007/SRR9990667/SRR9990667_2.fastq.gz,Human,Macula-8mm-rpe-cho-donor-2,v3,0,151
GSE135922,SRR9990668,ftp://ftp.sra.ebi.ac.uk/vol1/fastq/SRR999/008/SRR9990668/SRR9990668_1.fastq.gz,ftp://ftp.sra.ebi.ac.uk/vol1/fastq/SRR999/008/SRR9990668/SRR9990668_2.fastq.gz,Human,Macula-8mm-rpe-cho-donor-2,v3,0,151
GSE135922,SRR9990669,ftp://ftp.sra.ebi.ac.uk/vol1/fastq/SRR999/009/SRR9990669/SRR9990669_1.fastq.gz,ftp://ftp.sra.ebi.ac.uk/vol1/fastq/SRR999/009/SRR9990669/SRR9990669_2.fastq.gz,Human,Macula-8mm-rpe-cho-donor-2,v3,0,151
GSE135922,SRR9990674,ftp://ftp.sra.ebi.ac.uk/vol1/fastq/SRR999/004/SRR9990674/SRR9990674_1.fastq.gz,ftp://ftp.sra.ebi.ac.uk/vol1/fastq/SRR999/004/SRR9990674/SRR9990674_2.fastq.gz,Human,Macula-8mm-rpe-cho-donor-2,v3,0,151
GSE135922,SRR9990675,ftp://ftp.sra.ebi.ac.uk/vol1/fastq/SRR999/005/SRR9990675/SRR9990675_1.fastq.gz,ftp://ftp.sra.ebi.ac.uk/vol1/fastq/SRR999/005/SRR9990675/SRR9990675_2.fastq.gz,Human,Macula-8mm-rpe-cho-donor-3,v3,0,151
GSE135922,SRR9990678,ftp://ftp.sra.ebi.ac.uk/vol1/fastq/SRR999/008/SRR9990678/SRR9990678_1.fastq.gz,ftp://ftp.sra.ebi.ac.uk/vol1/fastq/SRR999/008/SRR9990678/SRR9990678_2.fastq.gz,Human,Macula-8mm-rpe-cho-donor-3,v3,0,151
GSE135922,SRR9990679,ftp://ftp.sra.ebi.ac.uk/vol1/fastq/SRR999/009/SRR9990679/SRR9990679_1.fastq.gz,ftp://ftp.sra.ebi.ac.uk/vol1/fastq/SRR999/009/SRR9990679/SRR9990679_2.fastq.gz,Human,Macula-8mm-rpe-cho-donor-3,v3,0,151
GSE135922,SRR9990680,ftp://ftp.sra.ebi.ac.uk/vol1/fastq/SRR999/000/SRR9990680/SRR9990680_1.fastq.gz,ftp://ftp.sra.ebi.ac.uk/vol1/fastq/SRR999/000/SRR9990680/SRR9990680_2.fastq.gz,Human,Macula-8mm-rpe-cho-donor-3,v3,0,151
GSE135922,SRR9990681,ftp://ftp.sra.ebi.ac.uk/vol1/fastq/SRR999/001/SRR9990681/SRR9990681_1.fastq.gz,ftp://ftp.sra.ebi.ac.uk/vol1/fastq/SRR999/001/SRR9990681/SRR9990681_2.fastq.gz,Human,Macula-8mm-rpe-cho-donor-3,v3,0,151
GSE135922,SRR9990682,ftp://ftp.sra.ebi.ac.uk/vol1/fastq/SRR999/002/SRR9990682/SRR9990682_1.fastq.gz,ftp://ftp.sra.ebi.ac.uk/vol1/fastq/SRR999/002/SRR9990682/SRR9990682_2.fastq.gz,Human,Macula-8mm-rpe-cho-donor-3,v3,0,151
GSE135922,SRR9990691,ftp://ftp.sra.ebi.ac.uk/vol1/fastq/SRR999/001/SRR9990691/SRR9990691_1.fastq.gz,ftp://ftp.sra.ebi.ac.uk/vol1/fastq/SRR999/001/SRR9990691/SRR9990691_2.fastq.gz,Human,Macula-8mm-rpe-cho-donor-3,v3,0,151
GSE135922,SRR9990692,ftp://ftp.sra.ebi.ac.uk/vol1/fastq/SRR999/002/SRR9990692/SRR9990692_1.fastq.gz,ftp://ftp.sra.ebi.ac.uk/vol1/fastq/SRR999/002/SRR9990692/SRR9990692_2.fastq.gz,Human,Macula-8mm-rpe-cho-donor-3,v3,0,151
GSE135922,SRR9990693,ftp://ftp.sra.ebi.ac.uk/vol1/fastq/SRR999/003/SRR9990693/SRR9990693_1.fastq.gz,ftp://ftp.sra.ebi.ac.uk/vol1/fastq/SRR999/003/SRR9990693/SRR9990693_2.fastq.gz,Human,Macula-8mm-rpe-cho-donor-3,v3,0,151
GSE135922,SRR9990694,ftp://ftp.sra.ebi.ac.uk/vol1/fastq/SRR999/004/SRR9990694/SRR9990694_1.fastq.gz,ftp://ftp.sra.ebi.ac.uk/vol1/fastq/SRR999/004/SRR9990694/SRR9990694_2.fastq.gz,Human,Macula-8mm-rpe-cho-donor-3,v3,0,151
GSE135922,SRR9990695,ftp://ftp.sra.ebi.ac.uk/vol1/fastq/SRR999/005/SRR9990695/SRR9990695_1.fastq.gz,ftp://ftp.sra.ebi.ac.uk/vol1/fastq/SRR999/005/SRR9990695/SRR9990695_2.fastq.gz,Human,Macula-8mm-rpe-cho-donor-3,v3,0,151
GSE135922,SRR9990696,ftp://ftp.sra.ebi.ac.uk/vol1/fastq/SRR999/006/SRR9990696/SRR9990696_1.fastq.gz,ftp://ftp.sra.ebi.ac.uk/vol1/fastq/SRR999/006/SRR9990696/SRR9990696_2.fastq.gz,Human,Macula-8mm-rpe-cho-donor-3,v3,0,151
GSE135922,SRR9990697,ftp://ftp.sra.ebi.ac.uk/vol1/fastq/SRR999/007/SRR9990697/SRR9990697_1.fastq.gz,ftp://ftp.sra.ebi.ac.uk/vol1/fastq/SRR999/007/SRR9990697/SRR9990697_2.fastq.gz,Human,Macula-8mm-rpe-cho-donor-3,v3,0,151
GSE135922,SRR9990698,ftp://ftp.sra.ebi.ac.uk/vol1/fastq/SRR999/008/SRR9990698/SRR9990698_1.fastq.gz,ftp://ftp.sra.ebi.ac.uk/vol1/fastq/SRR999/008/SRR9990698/SRR9990698_2.fastq.gz,Human,Macula-8mm-rpe-cho-donor-3,v3,0,151
GSE135922,SRR9990699,ftp://ftp.sra.ebi.ac.uk/vol1/fastq/SRR999/009/SRR9990699/SRR9990699_1.fastq.gz,ftp://ftp.sra.ebi.ac.uk/vol1/fastq/SRR999/009/SRR9990699/SRR9990699_2.fastq.gz,Human,Macula-8mm-rpe-cho-donor-3,v3,0,151
GSE135922,SRR9990704,ftp://ftp.sra.ebi.ac.uk/vol1/fastq/SRR999/004/SRR9990704/SRR9990704_1.fastq.gz,ftp://ftp.sra.ebi.ac.uk/vol1/fastq/SRR999/004/SRR9990704/SRR9990704_2.fastq.gz,Human,Macula-8mm-rpe-cho-donor-3,v3,0,151
GSE135922,SRR9990707,ftp://ftp.sra.ebi.ac.uk/vol1/fastq/SRR999/007/SRR9990707/SRR9990707_1.fastq.gz,ftp://ftp.sra.ebi.ac.uk/vol1/fastq/SRR999/007/SRR9990707/SRR9990707_2.fastq.gz,Human,Peripheral-8mm-rpe-cho-donor-1,v3,0,151
GSE135922,SRR9990709,ftp://ftp.sra.ebi.ac.uk/vol1/fastq/SRR999/009/SRR9990709/SRR9990709_1.fastq.gz,ftp://ftp.sra.ebi.ac.uk/vol1/fastq/SRR999/009/SRR9990709/SRR9990709_2.fastq.gz,Human,Peripheral-8mm-rpe-cho-donor-1,v3,0,151
GSE135922,SRR9990710,ftp://ftp.sra.ebi.ac.uk/vol1/fastq/SRR999/000/SRR9990710/SRR9990710_1.fastq.gz,ftp://ftp.sra.ebi.ac.uk/vol1/fastq/SRR999/000/SRR9990710/SRR9990710_2.fastq.gz,Human,Peripheral-8mm-rpe-cho-donor-1,v3,0,151
GSE135922,SRR9990711,ftp://ftp.sra.ebi.ac.uk/vol1/fastq/SRR999/001/SRR9990711/SRR9990711_1.fastq.gz,ftp://ftp.sra.ebi.ac.uk/vol1/fastq/SRR999/001/SRR9990711/SRR9990711_2.fastq.gz,Human,Peripheral-8mm-rpe-cho-donor-1,v3,0,151
GSE135922,SRR9990712,ftp://ftp.sra.ebi.ac.uk/vol1/fastq/SRR999/002/SRR9990712/SRR9990712_1.fastq.gz,ftp://ftp.sra.ebi.ac.uk/vol1/fastq/SRR999/002/SRR9990712/SRR9990712_2.fastq.gz,Human,Peripheral-8mm-rpe-cho-donor-1,v3,0,151
GSE135922,SRR9990713,ftp://ftp.sra.ebi.ac.uk/vol1/fastq/SRR999/003/SRR9990713/SRR9990713_1.fastq.gz,ftp://ftp.sra.ebi.ac.uk/vol1/fastq/SRR999/003/SRR9990713/SRR9990713_2.fastq.gz,Human,Peripheral-8mm-rpe-cho-donor-1,v3,0,151
GSE135922,SRR9990714,ftp://ftp.sra.ebi.ac.uk/vol1/fastq/SRR999/004/SRR9990714/SRR9990714_1.fastq.gz,ftp://ftp.sra.ebi.ac.uk/vol1/fastq/SRR999/004/SRR9990714/SRR9990714_2.fastq.gz,Human,Peripheral-8mm-rpe-cho-donor-1,v3,0,151
GSE135922,SRR9990715,ftp://ftp.sra.ebi.ac.uk/vol1/fastq/SRR999/005/SRR9990715/SRR9990715_1.fastq.gz,ftp://ftp.sra.ebi.ac.uk/vol1/fastq/SRR999/005/SRR9990715/SRR9990715_2.fastq.gz,Human,Peripheral-8mm-rpe-cho-donor-1,v3,0,151
GSE135922,SRR9990716,ftp://ftp.sra.ebi.ac.uk/vol1/fastq/SRR999/006/SRR9990716/SRR9990716_1.fastq.gz,ftp://ftp.sra.ebi.ac.uk/vol1/fastq/SRR999/006/SRR9990716/SRR9990716_2.fastq.gz,Human,Peripheral-8mm-rpe-cho-donor-1,v3,0,151
GSE135922,SRR9990717,ftp://ftp.sra.ebi.ac.uk/vol1/fastq/SRR999/007/SRR9990717/SRR9990717_1.fastq.gz,ftp://ftp.sra.ebi.ac.uk/vol1/fastq/SRR999/007/SRR9990717/SRR9990717_2.fastq.gz,Human,Peripheral-8mm-rpe-cho-donor-1,v3,0,151
GSE135922,SRR9990718,ftp://ftp.sra.ebi.ac.uk/vol1/fastq/SRR999/008/SRR9990718/SRR9990718_1.fastq.gz,ftp://ftp.sra.ebi.ac.uk/vol1/fastq/SRR999/008/SRR9990718/SRR9990718_2.fastq.gz,Human,Peripheral-8mm-rpe-cho-donor-1,v3,0,151
GSE135922,SRR9990719,ftp://ftp.sra.ebi.ac.uk/vol1/fastq/SRR999/009/SRR9990719/SRR9990719_1.fastq.gz,ftp://ftp.sra.ebi.ac.uk/vol1/fastq/SRR999/009/SRR9990719/SRR9990719_2.fastq.gz,Human,Peripheral-8mm-rpe-cho-donor-1,v3,0,151
GSE135922,SRR9990720,ftp://ftp.sra.ebi.ac.uk/vol1/fastq/SRR999/000/SRR9990720/SRR9990720_1.fastq.gz,ftp://ftp.sra.ebi.ac.uk/vol1/fastq/SRR999/000/SRR9990720/SRR9990720_2.fastq.gz,Human,Peripheral-8mm-rpe-cho-donor-1,v3,0,151
GSE135922,SRR9990721,ftp://ftp.sra.ebi.ac.uk/vol1/fastq/SRR999/001/SRR9990721/SRR9990721_1.fastq.gz,ftp://ftp.sra.ebi.ac.uk/vol1/fastq/SRR999/001/SRR9990721/SRR9990721_2.fastq.gz,Human,Peripheral-8mm-rpe-cho-donor-1,v3,0,151
GSE135922,SRR9990722,ftp://ftp.sra.ebi.ac.uk/vol1/fastq/SRR999/002/SRR9990722/SRR9990722_1.fastq.gz,ftp://ftp.sra.ebi.ac.uk/vol1/fastq/SRR999/002/SRR9990722/SRR9990722_2.fastq.gz,Human,Peripheral-8mm-rpe-cho-donor-1,v3,0,151
GSE135922,SRR9990723,ftp://ftp.sra.ebi.ac.uk/vol1/fastq/SRR999/003/SRR9990723/SRR9990723_1.fastq.gz,ftp://ftp.sra.ebi.ac.uk/vol1/fastq/SRR999/003/SRR9990723/SRR9990723_2.fastq.gz,Human,Peripheral-8mm-rpe-cho-donor-1,v3,0,151
GSE135922,SRR9990724,ftp://ftp.sra.ebi.ac.uk/vol1/fastq/SRR999/004/SRR9990724/SRR9990724_1.fastq.gz,ftp://ftp.sra.ebi.ac.uk/vol1/fastq/SRR999/004/SRR9990724/SRR9990724_2.fastq.gz,Human,Peripheral-8mm-rpe-cho-donor-1,v3,0,151
GSE135922,SRR9990725,ftp://ftp.sra.ebi.ac.uk/vol1/fastq/SRR999/005/SRR9990725/SRR9990725_1.fastq.gz,ftp://ftp.sra.ebi.ac.uk/vol1/fastq/SRR999/005/SRR9990725/SRR9990725_2.fastq.gz,Human,Peripheral-8mm-rpe-cho-donor-1,v3,0,151
GSE135922,SRR9990726,ftp://ftp.sra.ebi.ac.uk/vol1/fastq/SRR999/006/SRR9990726/SRR9990726_1.fastq.gz,ftp://ftp.sra.ebi.ac.uk/vol1/fastq/SRR999/006/SRR9990726/SRR9990726_2.fastq.gz,Human,Peripheral-8mm-rpe-cho-donor-1,v3,0,151
GSE135922,SRR9990727,ftp://ftp.sra.ebi.ac.uk/vol1/fastq/SRR999/007/SRR9990727/SRR9990727_1.fastq.gz,ftp://ftp.sra.ebi.ac.uk/vol1/fastq/SRR999/007/SRR9990727/SRR9990727_2.fastq.gz,Human,Peripheral-8mm-rpe-cho-donor-1,v3,0,151
GSE135922,SRR9990731,ftp://ftp.sra.ebi.ac.uk/vol1/fastq/SRR999/001/SRR9990731/SRR9990731_1.fastq.gz,ftp://ftp.sra.ebi.ac.uk/vol1/fastq/SRR999/001/SRR9990731/SRR9990731_2.fastq.gz,Human,Peripheral-8mm-rpe-cho-donor-2,v3,0,151
GSE135922,SRR9990732,ftp://ftp.sra.ebi.ac.uk/vol1/fastq/SRR999/002/SRR9990732/SRR9990732_1.fastq.gz,ftp://ftp.sra.ebi.ac.uk/vol1/fastq/SRR999/002/SRR9990732/SRR9990732_2.fastq.gz,Human,Peripheral-8mm-rpe-cho-donor-2,v3,0,151
GSE135922,SRR9990733,ftp://ftp.sra.ebi.ac.uk/vol1/fastq/SRR999/003/SRR9990733/SRR9990733_1.fastq.gz,ftp://ftp.sra.ebi.ac.uk/vol1/fastq/SRR999/003/SRR9990733/SRR9990733_2.fastq.gz,Human,Peripheral-8mm-rpe-cho-donor-2,v3,0,151
GSE135922,SRR9990734,ftp://ftp.sra.ebi.ac.uk/vol1/fastq/SRR999/004/SRR9990734/SRR9990734_1.fastq.gz,ftp://ftp.sra.ebi.ac.uk/vol1/fastq/SRR999/004/SRR9990734/SRR9990734_2.fastq.gz,Human,Peripheral-8mm-rpe-cho-donor-2,v3,0,151
GSE135922,SRR9990735,ftp://ftp.sra.ebi.ac.uk/vol1/fastq/SRR999/005/SRR9990735/SRR9990735_1.fastq.gz,ftp://ftp.sra.ebi.ac.uk/vol1/fastq/SRR999/005/SRR9990735/SRR9990735_2.fastq.gz,Human,Peripheral-8mm-rpe-cho-donor-2,v3,0,151
GSE135922,SRR9990736,ftp://ftp.sra.ebi.ac.uk/vol1/fastq/SRR999/006/SRR9990736/SRR9990736_1.fastq.gz,ftp://ftp.sra.ebi.ac.uk/vol1/fastq/SRR999/006/SRR9990736/SRR9990736_2.fastq.gz,Human,Peripheral-8mm-rpe-cho-donor-2,v3,0,151
GSE135922,SRR9990737,ftp://ftp.sra.ebi.ac.uk/vol1/fastq/SRR999/007/SRR9990737/SRR9990737_1.fastq.gz,ftp://ftp.sra.ebi.ac.uk/vol1/fastq/SRR999/007/SRR9990737/SRR9990737_2.fastq.gz,Human,Peripheral-8mm-rpe-cho-donor-2,v3,0,151
GSE135922,SRR9990738,ftp://ftp.sra.ebi.ac.uk/vol1/fastq/SRR999/008/SRR9990738/SRR9990738_1.fastq.gz,ftp://ftp.sra.ebi.ac.uk/vol1/fastq/SRR999/008/SRR9990738/SRR9990738_2.fastq.gz,Human,Peripheral-8mm-rpe-cho-donor-2,v3,0,151
GSE135922,SRR9990739,ftp://ftp.sra.ebi.ac.uk/vol1/fastq/SRR999/009/SRR9990739/SRR9990739_1.fastq.gz,ftp://ftp.sra.ebi.ac.uk/vol1/fastq/SRR999/009/SRR9990739/SRR9990739_2.fastq.gz,Human,Peripheral-8mm-rpe-cho-donor-2,v3,0,151
GSE135922,SRR9990740,ftp://ftp.sra.ebi.ac.uk/vol1/fastq/SRR999/000/SRR9990740/SRR9990740_1.fastq.gz,ftp://ftp.sra.ebi.ac.uk/vol1/fastq/SRR999/000/SRR9990740/SRR9990740_2.fastq.gz,Human,Peripheral-8mm-rpe-cho-donor-2,v3,0,151
GSE135922,SRR9990741,ftp://ftp.sra.ebi.ac.uk/vol1/fastq/SRR999/001/SRR9990741/SRR9990741_1.fastq.gz,ftp://ftp.sra.ebi.ac.uk/vol1/fastq/SRR999/001/SRR9990741/SRR9990741_2.fastq.gz,Human,Peripheral-8mm-rpe-cho-donor-2,v3,0,151
GSE135922,SRR9990742,ftp://ftp.sra.ebi.ac.uk/vol1/fastq/SRR999/002/SRR9990742/SRR9990742_1.fastq.gz,ftp://ftp.sra.ebi.ac.uk/vol1/fastq/SRR999/002/SRR9990742/SRR9990742_2.fastq.gz,Human,Peripheral-8mm-rpe-cho-donor-2,v3,0,151
GSE135922,SRR9990743,ftp://ftp.sra.ebi.ac.uk/vol1/fastq/SRR999/003/SRR9990743/SRR9990743_1.fastq.gz,ftp://ftp.sra.ebi.ac.uk/vol1/fastq/SRR999/003/SRR9990743/SRR9990743_2.fastq.gz,Human,Peripheral-8mm-rpe-cho-donor-2,v3,0,151
GSE135922,SRR9990744,ftp://ftp.sra.ebi.ac.uk/vol1/fastq/SRR999/004/SRR9990744/SRR9990744_1.fastq.gz,ftp://ftp.sra.ebi.ac.uk/vol1/fastq/SRR999/004/SRR9990744/SRR9990744_2.fastq.gz,Human,Peripheral-8mm-rpe-cho-donor-2,v3,0,151
GSE135922,SRR9990745,ftp://ftp.sra.ebi.ac.uk/vol1/fastq/SRR999/005/SRR9990745/SRR9990745_1.fastq.gz,ftp://ftp.sra.ebi.ac.uk/vol1/fastq/SRR999/005/SRR9990745/SRR9990745_2.fastq.gz,Human,Peripheral-8mm-rpe-cho-donor-2,v3,0,151
GSE135922,SRR9990746,ftp://ftp.sra.ebi.ac.uk/vol1/fastq/SRR999/006/SRR9990746/SRR9990746_1.fastq.gz,ftp://ftp.sra.ebi.ac.uk/vol1/fastq/SRR999/006/SRR9990746/SRR9990746_2.fastq.gz,Human,Peripheral-8mm-rpe-cho-donor-2,v3,0,151
GSE135922,SRR9990747,ftp://ftp.sra.ebi.ac.uk/vol1/fastq/SRR999/007/SRR9990747/SRR9990747_1.fastq.gz,ftp://ftp.sra.ebi.ac.uk/vol1/fastq/SRR999/007/SRR9990747/SRR9990747_2.fastq.gz,Human,Peripheral-8mm-rpe-cho-donor-2,v3,0,151
GSE135922,SRR9990748,ftp://ftp.sra.ebi.ac.uk/vol1/fastq/SRR999/008/SRR9990748/SRR9990748_1.fastq.gz,ftp://ftp.sra.ebi.ac.uk/vol1/fastq/SRR999/008/SRR9990748/SRR9990748_2.fastq.gz,Human,Peripheral-8mm-rpe-cho-donor-2,v3,0,151
GSE135922,SRR9990749,ftp://ftp.sra.ebi.ac.uk/vol1/fastq/SRR999/009/SRR9990749/SRR9990749_1.fastq.gz,ftp://ftp.sra.ebi.ac.uk/vol1/fastq/SRR999/009/SRR9990749/SRR9990749_2.fastq.gz,Human,Peripheral-8mm-rpe-cho-donor-2,v3,0,151
GSE135922,SRR9990754,ftp://ftp.sra.ebi.ac.uk/vol1/fastq/SRR999/004/SRR9990754/SRR9990754_1.fastq.gz,ftp://ftp.sra.ebi.ac.uk/vol1/fastq/SRR999/004/SRR9990754/SRR9990754_2.fastq.gz,Human,Peripheral-8mm-rpe-cho-donor-2,v3,0,151
GSE135922,SRR9990755,ftp://ftp.sra.ebi.ac.uk/vol1/fastq/SRR999/005/SRR9990755/SRR9990755_1.fastq.gz,ftp://ftp.sra.ebi.ac.uk/vol1/fastq/SRR999/005/SRR9990755/SRR9990755_2.fastq.gz,Human,Peripheral-8mm-rpe-cho-donor-3,v3,0,151
GSE135922,SRR9990756,ftp://ftp.sra.ebi.ac.uk/vol1/fastq/SRR999/006/SRR9990756/SRR9990756_1.fastq.gz,ftp://ftp.sra.ebi.ac.uk/vol1/fastq/SRR999/006/SRR9990756/SRR9990756_2.fastq.gz,Human,Peripheral-8mm-rpe-cho-donor-3,v3,0,151
GSE135922,SRR9990757,ftp://ftp.sra.ebi.ac.uk/vol1/fastq/SRR999/007/SRR9990757/SRR9990757_1.fastq.gz,ftp://ftp.sra.ebi.ac.uk/vol1/fastq/SRR999/007/SRR9990757/SRR9990757_2.fastq.gz,Human,Peripheral-8mm-rpe-cho-donor-3,v3,0,151
GSE135922,SRR9990758,ftp://ftp.sra.ebi.ac.uk/vol1/fastq/SRR999/008/SRR9990758/SRR9990758_1.fastq.gz,ftp://ftp.sra.ebi.ac.uk/vol1/fastq/SRR999/008/SRR9990758/SRR9990758_2.fastq.gz,Human,Peripheral-8mm-rpe-cho-donor-3,v3,0,151
GSE135922,SRR9990759,ftp://ftp.sra.ebi.ac.uk/vol1/fastq/SRR999/009/SRR9990759/SRR9990759_1.fastq.gz,ftp://ftp.sra.ebi.ac.uk/vol1/fastq/SRR999/009/SRR9990759/SRR9990759_2.fastq.gz,Human,Peripheral-8mm-rpe-cho-donor-3,v3,0,151
GSE135922,SRR9990760,ftp://ftp.sra.ebi.ac.uk/vol1/fastq/SRR999/000/SRR9990760/SRR9990760_1.fastq.gz,ftp://ftp.sra.ebi.ac.uk/vol1/fastq/SRR999/000/SRR9990760/SRR9990760_2.fastq.gz,Human,Peripheral-8mm-rpe-cho-donor-3,v3,0,151
GSE135922,SRR9990761,ftp://ftp.sra.ebi.ac.uk/vol1/fastq/SRR999/001/SRR9990761/SRR9990761_1.fastq.gz,ftp://ftp.sra.ebi.ac.uk/vol1/fastq/SRR999/001/SRR9990761/SRR9990761_2.fastq.gz,Human,Peripheral-8mm-rpe-cho-donor-3,v3,0,151
GSE135922,SRR9990762,ftp://ftp.sra.ebi.ac.uk/vol1/fastq/SRR999/002/SRR9990762/SRR9990762_1.fastq.gz,ftp://ftp.sra.ebi.ac.uk/vol1/fastq/SRR999/002/SRR9990762/SRR9990762_2.fastq.gz,Human,Peripheral-8mm-rpe-cho-donor-3,v3,0,151
GSE135922,SRR9990763,ftp://ftp.sra.ebi.ac.uk/vol1/fastq/SRR999/003/SRR9990763/SRR9990763_1.fastq.gz,ftp://ftp.sra.ebi.ac.uk/vol1/fastq/SRR999/003/SRR9990763/SRR9990763_2.fastq.gz,Human,Peripheral-8mm-rpe-cho-donor-3,v3,0,151
GSE135922,SRR9990764,ftp://ftp.sra.ebi.ac.uk/vol1/fastq/SRR999/004/SRR9990764/SRR9990764_1.fastq.gz,ftp://ftp.sra.ebi.ac.uk/vol1/fastq/SRR999/004/SRR9990764/SRR9990764_2.fastq.gz,Human,Peripheral-8mm-rpe-cho-donor-3,v3,0,151
GSE135922,SRR9990765,ftp://ftp.sra.ebi.ac.uk/vol1/fastq/SRR999/005/SRR9990765/SRR9990765_1.fastq.gz,ftp://ftp.sra.ebi.ac.uk/vol1/fastq/SRR999/005/SRR9990765/SRR9990765_2.fastq.gz,Human,Peripheral-8mm-rpe-cho-donor-3,v3,0,151
GSE135922,SRR9990766,ftp://ftp.sra.ebi.ac.uk/vol1/fastq/SRR999/006/SRR9990766/SRR9990766_1.fastq.gz,ftp://ftp.sra.ebi.ac.uk/vol1/fastq/SRR999/006/SRR9990766/SRR9990766_2.fastq.gz,Human,Peripheral-8mm-rpe-cho-donor-3,v3,0,151
GSE135922,SRR9990767,ftp://ftp.sra.ebi.ac.uk/vol1/fastq/SRR999/007/SRR9990767/SRR9990767_1.fastq.gz,ftp://ftp.sra.ebi.ac.uk/vol1/fastq/SRR999/007/SRR9990767/SRR9990767_2.fastq.gz,Human,Peripheral-8mm-rpe-cho-donor-3,v3,0,151
GSE135922,SRR9990768,ftp://ftp.sra.ebi.ac.uk/vol1/fastq/SRR999/008/SRR9990768/SRR9990768_1.fastq.gz,ftp://ftp.sra.ebi.ac.uk/vol1/fastq/SRR999/008/SRR9990768/SRR9990768_2.fastq.gz,Human,Peripheral-8mm-rpe-cho-donor-3,v3,0,151
GSE135922,SRR9990769,ftp://ftp.sra.ebi.ac.uk/vol1/fastq/SRR999/009/SRR9990769/SRR9990769_1.fastq.gz,ftp://ftp.sra.ebi.ac.uk/vol1/fastq/SRR999/009/SRR9990769/SRR9990769_2.fastq.gz,Human,Peripheral-8mm-rpe-cho-donor-3,v3,0,151
GSE135922,SRR9990770,ftp://ftp.sra.ebi.ac.uk/vol1/fastq/SRR999/000/SRR9990770/SRR9990770_1.fastq.gz,ftp://ftp.sra.ebi.ac.uk/vol1/fastq/SRR999/000/SRR9990770/SRR9990770_2.fastq.gz,Human,Peripheral-8mm-rpe-cho-donor-3,v3,0,151
GSE135922,SRR9990771,ftp://ftp.sra.ebi.ac.uk/vol1/fastq/SRR999/001/SRR9990771/SRR9990771_1.fastq.gz,ftp://ftp.sra.ebi.ac.uk/vol1/fastq/SRR999/001/SRR9990771/SRR9990771_2.fastq.gz,Human,Peripheral-8mm-rpe-cho-donor-3,v3,0,151
GSE135922,SRR9990772,ftp://ftp.sra.ebi.ac.uk/vol1/fastq/SRR999/002/SRR9990772/SRR9990772_1.fastq.gz,ftp://ftp.sra.ebi.ac.uk/vol1/fastq/SRR999/002/SRR9990772/SRR9990772_2.fastq.gz,Human,Peripheral-8mm-rpe-cho-donor-3,v3,0,151
GSE135922,SRR9990773,ftp://ftp.sra.ebi.ac.uk/vol1/fastq/SRR999/003/SRR9990773/SRR9990773_1.fastq.gz,ftp://ftp.sra.ebi.ac.uk/vol1/fastq/SRR999/003/SRR9990773/SRR9990773_2.fastq.gz,Human,Peripheral-8mm-rpe-cho-donor-3,v3,0,151
GSE135922,SRR9990778,ftp://ftp.sra.ebi.ac.uk/vol1/fastq/SRR999/008/SRR9990778/SRR9990778_1.fastq.gz,ftp://ftp.sra.ebi.ac.uk/vol1/fastq/SRR999/008/SRR9990778/SRR9990778_2.fastq.gz,Human,Peripheral-8mm-rpe-cho-donor-3,v3,0,151
